Date,Precip MM
1/1/2009,0
2/1/2009,0
3/1/2009,0
4/1/2009,0
5/1/2009,0
6/1/2009,0
7/1/2009,1
8/1/2009,0
9/1/2009,5
10/1/2009,26
11/1/2009,0
12/1/2009,0
13/1/2009 ,0
14/1/2009 ,1
15/1/2009 ,0
16/1/2009 ,0
17/1/2009 ,0
18/1/2009 ,0
19/1/2009 ,0
20/1/2009 ,0
21/1/2009 ,0
22/1/2009 ,0
23/1/2009 ,0
24/1/2009 ,0
25/1/2009 ,0
26/1/2009 ,4
27/1/2009 ,7
28/1/2009 ,5
29/1/2009 ,1
30/1/2009 ,0
31/1/2009 ,0
1/2/2009,0
2/2/2009,0
3/2/2009,0
4/2/2009,0
5/2/2009,0
6/2/2009,0
7/2/2009,0
8/2/2009,0
9/2/2009,0
10/2/2009,0
11/2/2009,0
12/2/2009,0
13/2/2009 ,0
14/2/2009 ,0
15/2/2009 ,0
16/2/2009 ,0
17/2/2009 ,0
18/2/2009 ,0
19/2/2009 ,1
20/2/2009 ,3
21/2/2009 ,3
22/2/2009 ,6
23/2/2009 ,7
24/2/2009 ,0
25/2/2009 ,0
26/2/2009 ,0
27/2/2009 ,0
28/2/2009 ,0
1/3/2009,0
2/3/2009,0
3/3/2009,0
4/3/2009,0
5/3/2009,0
6/3/2009,0
7/3/2009,0
8/3/2009,1
9/3/2009,3
10/3/2009,2
11/3/2009,4
12/3/2009,5
13/3/2009 ,5
14/3/2009 ,10
15/3/2009 ,2
16/3/2009 ,3
17/3/2009 ,0
18/3/2009 ,1
19/3/2009 ,1
20/3/2009 ,3
21/3/2009 ,1
22/3/2009 ,0
23/3/2009 ,2
24/3/2009 ,9
25/3/2009 ,1
26/3/2009 ,4
27/3/2009 ,6
28/3/2009 ,3
29/3/2009 ,4
30/3/2009 ,6
31/3/2009 ,3
1/4/2009,4
2/4/2009,3
3/4/2009,2
4/4/2009,9
5/4/2009,4
6/4/2009,3
7/4/2009,4
8/4/2009,8
9/4/2009,8
10/4/2009,16
11/4/2009,9
12/4/2009,6
13/4/2009 ,4
14/4/2009 ,5
15/4/2009 ,0
16/4/2009 ,1
17/4/2009 ,2
18/4/2009 ,0
19/4/2009 ,0
20/4/2009 ,1
21/4/2009 ,2
22/4/2009 ,8
23/4/2009 ,5
24/4/2009 ,1
25/4/2009 ,1
26/4/2009 ,0
27/4/2009 ,1
28/4/2009 ,0
29/4/2009 ,0
30/4/2009 ,2
1/5/2009,4
2/5/2009,3
3/5/2009,2
4/5/2009,1
5/5/2009,5
6/5/2009,6
7/5/2009,5
8/5/2009,2
9/5/2009,2
10/5/2009,4
11/5/2009,4
12/5/2009,7
13/5/2009 ,4
14/5/2009 ,5
15/5/2009 ,4
16/5/2009 ,6
17/5/2009 ,4
18/5/2009 ,4
19/5/2009 ,14
20/5/2009 ,23
21/5/2009 ,11
22/5/2009 ,15
23/5/2009 ,24
24/5/2009 ,31
25/5/2009 ,23
26/5/2009 ,12
27/5/2009 ,9
28/5/2009 ,4
29/5/2009 ,3
30/5/2009 ,18
31/5/2009 ,20
1/6/2009,11
2/6/2009,4
3/6/2009,8
4/6/2009,12
5/6/2009,14
6/6/2009,2
7/6/2009,6
8/6/2009,6
9/6/2009,11
10/6/2009,4
11/6/2009,12
12/6/2009,9
13/6/2009 ,7
14/6/2009 ,3
15/6/2009 ,13
16/6/2009 ,12
17/6/2009 ,12
18/6/2009 ,11
19/6/2009 ,14
20/6/2009 ,9
21/6/2009 ,4
22/6/2009 ,7
23/6/2009 ,12
24/6/2009 ,16
25/6/2009 ,19
26/6/2009 ,15
27/6/2009 ,18
28/6/2009 ,20
29/6/2009 ,27
30/6/2009 ,17
1/7/2009,9
2/7/2009,10
3/7/2009,3
4/7/2009,7
5/7/2009,5
6/7/2009,12
7/7/2009,3
8/7/2009,4
9/7/2009,9
10/7/2009,3
11/7/2009,3
12/7/2009,0
13/7/2009 ,4
14/7/2009 ,7
15/7/2009 ,9
16/7/2009 ,8
17/7/2009 ,11
18/7/2009 ,4
19/7/2009 ,4
20/7/2009 ,5
21/7/2009 ,6
22/7/2009 ,7
23/7/2009 ,4
24/7/2009 ,4
25/7/2009 ,0
26/7/2009 ,6
27/7/2009 ,7
28/7/2009 ,11
29/7/2009 ,2
30/7/2009 ,6
31/7/2009 ,11
1/8/2009,11
2/8/2009,9
3/8/2009,7
4/8/2009,8
5/8/2009,5
6/8/2009,11
7/8/2009,13
8/8/2009,5
9/8/2009,4
10/8/2009,3
11/8/2009,5
12/8/2009,16
13/8/2009 ,11
14/8/2009 ,16
15/8/2009 ,21
16/8/2009 ,18
17/8/2009 ,21
18/8/2009 ,5
19/8/2009 ,2
20/8/2009 ,5
21/8/2009 ,5
22/8/2009 ,6
23/8/2009 ,8
24/8/2009 ,3
25/8/2009 ,4
26/8/2009 ,10
27/8/2009 ,18
28/8/2009 ,21
29/8/2009 ,15
30/8/2009 ,9
31/8/2009 ,17
1/9/2009,19
2/9/2009,18
3/9/2009,15
4/9/2009,16
5/9/2009,12
6/9/2009,15
7/9/2009,18
8/9/2009,16
9/9/2009,16
10/9/2009,5
11/9/2009,0
12/9/2009,0
13/9/2009 ,3
14/9/2009 ,8
15/9/2009 ,5
16/9/2009 ,5
17/9/2009 ,3
18/9/2009 ,12
19/9/2009 ,9
20/9/2009 ,5
21/9/2009 ,18
22/9/2009 ,17
23/9/2009 ,8
24/9/2009 ,5
25/9/2009 ,1
26/9/2009 ,0
27/9/2009 ,0
28/9/2009 ,5
29/9/2009 ,23
30/9/2009 ,15
1/10/2009,23
2/10/2009,18
3/10/2009,6
4/10/2009,3
5/10/2009,0
6/10/2009,0
7/10/2009,1
8/10/2009,2
9/10/2009,0
10/10/2009,0
11/10/2009,0
12/10/2009,1
13/10/2009 ,0
14/10/2009 ,1
15/10/2009 ,0
16/10/2009 ,0
17/10/2009 ,0
18/10/2009 ,4
19/10/2009 ,3
20/10/2009 ,2
21/10/2009 ,0
22/10/2009 ,0
23/10/2009 ,0
24/10/2009 ,0
25/10/2009 ,0
26/10/2009 ,1
27/10/2009 ,1
28/10/2009 ,8
29/10/2009 ,15
30/10/2009 ,15
31/10/2009 ,17
1/11/2009,27
2/11/2009,9
3/11/2009,10
4/11/2009,15
5/11/2009,8
6/11/2009,2
7/11/2009,5
8/11/2009,2
9/11/2009,2
10/11/2009,1
11/11/2009,0
12/11/2009,2
13/11/2009 ,11
14/11/2009 ,12
15/11/2009 ,10
16/11/2009 ,2
17/11/2009 ,9
18/11/2009 ,26
19/11/2009 ,6
20/11/2009 ,18
21/11/2009 ,36
22/11/2009 ,26
23/11/2009 ,11
24/11/2009 ,2
25/11/2009 ,3
26/11/2009 ,0
27/11/2009 ,0
28/11/2009 ,2
29/11/2009 ,2
30/11/2009 ,12
1/12/2009,15
2/12/2009,14
3/12/2009,7
4/12/2009,5
5/12/2009,1
6/12/2009,1
7/12/2009,1
8/12/2009,3
9/12/2009,4
10/12/2009,0
11/12/2009,3
12/12/2009,1
13/12/2009 ,4
14/12/2009 ,7
15/12/2009 ,20
16/12/2009 ,1
17/12/2009 ,1
18/12/2009 ,3
19/12/2009 ,2
20/12/2009 ,3
21/12/2009 ,0
22/12/2009 ,0
23/12/2009 ,0
24/12/2009 ,4
25/12/2009 ,2
26/12/2009 ,0
27/12/2009 ,9
28/12/2009 ,14
29/12/2009 ,5
30/12/2009 ,0
31/12/2009 ,0
1/1/2010,0
2/1/2010,1
3/1/2010,1
4/1/2010,0
5/1/2010,0
6/1/2010,0
7/1/2010,0
8/1/2010,3
9/1/2010,5
10/1/2010,0
11/1/2010,1
12/1/2010,3
13/1/2010 ,4
14/1/2010 ,1
15/1/2010 ,0
16/1/2010 ,1
17/1/2010 ,4
18/1/2010 ,2
19/1/2010 ,0
20/1/2010 ,0
21/1/2010 ,0
22/1/2010 ,0
23/1/2010 ,0
24/1/2010 ,0
25/1/2010 ,0
26/1/2010 ,0
27/1/2010 ,0
28/1/2010 ,0
29/1/2010 ,0
30/1/2010 ,2
31/1/2010 ,1
1/2/2010,2
2/2/2010,2
3/2/2010,0
4/2/2010,0
5/2/2010,0
6/2/2010,0
7/2/2010,0
8/2/2010,0
9/2/2010,0
10/2/2010,8
11/2/2010,0
12/2/2010,0
13/2/2010 ,3
14/2/2010 ,0
15/2/2010 ,0
16/2/2010 ,9
17/2/2010 ,4
18/2/2010 ,1
19/2/2010 ,0
20/2/2010 ,1
21/2/2010 ,0
22/2/2010 ,0
23/2/2010 ,0
24/2/2010 ,0
25/2/2010 ,0
26/2/2010 ,0
27/2/2010 ,0
28/2/2010 ,0
1/3/2010,0
2/3/2010,0
3/3/2010,0
4/3/2010,0
5/3/2010,0
6/3/2010,0
7/3/2010,0
8/3/2010,0
9/3/2010,1
10/3/2010,0
11/3/2010,0
12/3/2010,1
13/3/2010 ,2
14/3/2010 ,0
15/3/2010 ,0
16/3/2010 ,0
17/3/2010 ,0
18/3/2010 ,1
19/3/2010 ,1
20/3/2010 ,0
21/3/2010 ,0
22/3/2010 ,1
23/3/2010 ,1
24/3/2010 ,1
25/3/2010 ,0
26/3/2010 ,4
27/3/2010 ,10
28/3/2010 ,1
29/3/2010 ,7
30/3/2010 ,6
31/3/2010 ,5
1/4/2010,3
2/4/2010,2
3/4/2010,1
4/4/2010,6
5/4/2010,6
6/4/2010,7
7/4/2010,12
8/4/2010,4
9/4/2010,5
10/4/2010,2
11/4/2010,4
12/4/2010,3
13/4/2010 ,5
14/4/2010 ,2
15/4/2010 ,0
16/4/2010 ,5
17/4/2010 ,9
18/4/2010 ,2
19/4/2010 ,12
20/4/2010 ,2
21/4/2010 ,4
22/4/2010 ,3
23/4/2010 ,10
24/4/2010 ,11
25/4/2010 ,2
26/4/2010 ,7
27/4/2010 ,7
28/4/2010 ,6
29/4/2010 ,10
30/4/2010 ,13
1/5/2010,7
2/5/2010,2
3/5/2010,4
4/5/2010,7
5/5/2010,7
6/5/2010,6
7/5/2010,2
8/5/2010,12
9/5/2010,9
10/5/2010,0
11/5/2010,2
12/5/2010,6
13/5/2010 ,9
14/5/2010 ,17
15/5/2010 ,7
16/5/2010 ,7
17/5/2010 ,16
18/5/2010 ,20
19/5/2010 ,18
20/5/2010 ,13
21/5/2010 ,7
22/5/2010 ,11
23/5/2010 ,14
24/5/2010 ,14
25/5/2010 ,19
26/5/2010 ,7
27/5/2010 ,6
28/5/2010 ,12
29/5/2010 ,10
30/5/2010 ,12
31/5/2010 ,5
1/6/2010,4
2/6/2010,6
3/6/2010,3
4/6/2010,9
5/6/2010,9
6/6/2010,9
7/6/2010,20
8/6/2010,23
9/6/2010,8
10/6/2010,11
11/6/2010,15
12/6/2010,18
13/6/2010 ,6
14/6/2010 ,10
15/6/2010 ,0
16/6/2010 ,4
17/6/2010 ,6
18/6/2010 ,3
19/6/2010 ,3
20/6/2010 ,6
21/6/2010 ,7
22/6/2010 ,10
23/6/2010 ,20
24/6/2010 ,7
25/6/2010 ,8
26/6/2010 ,3
27/6/2010 ,4
28/6/2010 ,14
29/6/2010 ,7
30/6/2010 ,14
1/7/2010,12
2/7/2010,10
3/7/2010,2
4/7/2010,7
5/7/2010,10
6/7/2010,6
7/7/2010,2
8/7/2010,3
9/7/2010,5
10/7/2010,2
11/7/2010,1
12/7/2010,4
13/7/2010 ,12
14/7/2010 ,8
15/7/2010 ,19
16/7/2010 ,23
17/7/2010 ,10
18/7/2010 ,15
19/7/2010 ,24
20/7/2010 ,10
21/7/2010 ,3
22/7/2010 ,11
23/7/2010 ,6
24/7/2010 ,7
25/7/2010 ,7
26/7/2010 ,2
27/7/2010 ,6
28/7/2010 ,23
29/7/2010 ,16
30/7/2010 ,11
31/7/2010 ,0
1/8/2010,1
2/8/2010,1
3/8/2010,10
4/8/2010,2
5/8/2010,0
6/8/2010,1
7/8/2010,1
8/8/2010,6
9/8/2010,5
10/8/2010,4
11/8/2010,5
12/8/2010,8
13/8/2010 ,17
14/8/2010 ,14
15/8/2010 ,11
16/8/2010 ,6
17/8/2010 ,4
18/8/2010 ,12
19/8/2010 ,0
20/8/2010 ,7
21/8/2010 ,9
22/8/2010 ,2
23/8/2010 ,2
24/8/2010 ,22
25/8/2010 ,11
26/8/2010 ,7
27/8/2010 ,3
28/8/2010 ,2
29/8/2010 ,11
30/8/2010 ,4
31/8/2010 ,1
1/9/2010,0
2/9/2010,0
3/9/2010,1
4/9/2010,1
5/9/2010,0
6/9/2010,1
7/9/2010,1
8/9/2010,2
9/9/2010,3
10/9/2010,4
11/9/2010,3
12/9/2010,2
13/9/2010 ,15
14/9/2010 ,7
15/9/2010 ,8
16/9/2010 ,4
17/9/2010 ,1
18/9/2010 ,15
19/9/2010 ,8
20/9/2010 ,3
21/9/2010 ,3
22/9/2010 ,3
23/9/2010 ,4
24/9/2010 ,14
25/9/2010 ,2
26/9/2010 ,2
27/9/2010 ,5
28/9/2010 ,13
29/9/2010 ,0
30/9/2010 ,6
1/10/2010,13
2/10/2010,12
3/10/2010,12
4/10/2010,2
5/10/2010,16
6/10/2010,15
7/10/2010,22
8/10/2010,17
9/10/2010,33
10/10/2010,1
11/10/2010,5
12/10/2010,1
13/10/2010 ,0
14/10/2010 ,1
15/10/2010 ,0
16/10/2010 ,7
17/10/2010 ,6
18/10/2010 ,2
19/10/2010 ,3
20/10/2010 ,0
21/10/2010 ,0
22/10/2010 ,1
23/10/2010 ,0
24/10/2010 ,1
25/10/2010 ,2
26/10/2010 ,0
27/10/2010 ,1
28/10/2010 ,11
29/10/2010 ,5
30/10/2010 ,1
31/10/2010 ,4
1/11/2010,2
2/11/2010,0
3/11/2010,0
4/11/2010,1
5/11/2010,8
6/11/2010,6
7/11/2010,21
8/11/2010,5
9/11/2010,1
10/11/2010,18
11/11/2010,3
12/11/2010,0
13/11/2010 ,1
14/11/2010 ,1
15/11/2010 ,2
16/11/2010 ,2
17/11/2010 ,0
18/11/2010 ,0
19/11/2010 ,1
20/11/2010 ,6
21/11/2010 ,8
22/11/2010 ,2
23/11/2010 ,2
24/11/2010 ,2
25/11/2010 ,4
26/11/2010 ,3
27/11/2010 ,0
28/11/2010 ,8
29/11/2010 ,0
30/11/2010 ,5
1/12/2010,3
2/12/2010,4
3/12/2010,4
4/12/2010,18
5/12/2010,4
6/12/2010,0
7/12/2010,8
8/12/2010,6
9/12/2010,15
10/12/2010,3
11/12/2010,1
12/12/2010,0
13/12/2010 ,0
14/12/2010 ,0
15/12/2010 ,0
16/12/2010 ,1
17/12/2010 ,0
18/12/2010 ,0
19/12/2010 ,0
20/12/2010 ,0
21/12/2010 ,0
22/12/2010 ,0
23/12/2010 ,4
24/12/2010 ,1
25/12/2010 ,1
26/12/2010 ,0
27/12/2010 ,0
28/12/2010 ,0
29/12/2010 ,1
30/12/2010 ,0
31/12/2010 ,0
1/1/2011,0
2/1/2011,1
3/1/2011,0
4/1/2011,0
5/1/2011,2
6/1/2011,0
7/1/2011,0
8/1/2011,4
9/1/2011,0
10/1/2011,1
11/1/2011,0
12/1/2011,0
13/1/2011 ,0
14/1/2011 ,0
15/1/2011 ,12
16/1/2011 ,0
17/1/2011 ,1
18/1/2011 ,1
19/1/2011 ,0
20/1/2011 ,0
21/1/2011 ,0
22/1/2011 ,0
23/1/2011 ,0
24/1/2011 ,0
25/1/2011 ,2
26/1/2011 ,1
27/1/2011 ,1
28/1/2011 ,0
29/1/2011 ,0
30/1/2011 ,5
31/1/2011 ,24
1/2/2011,2
2/2/2011,4
3/2/2011,2
4/2/2011,3
5/2/2011,2
6/2/2011,1
7/2/2011,3
8/2/2011,0
9/2/2011,0
10/2/2011,0
11/2/2011,0
12/2/2011,0
13/2/2011 ,0
14/2/2011 ,0
15/2/2011 ,0
16/2/2011 ,0
17/2/2011 ,0
18/2/2011 ,0
19/2/2011 ,1
20/2/2011 ,1
21/2/2011 ,8
22/2/2011 ,2
23/2/2011 ,0
24/2/2011 ,0
25/2/2011 ,2
26/2/2011 ,0
27/2/2011 ,2
28/2/2011 ,7
1/3/2011,6
2/3/2011,0
3/3/2011,2
4/3/2011,1
5/3/2011,1
6/3/2011,2
7/3/2011,2
8/3/2011,0
9/3/2011,0
10/3/2011,0
11/3/2011,0
12/3/2011,0
13/3/2011 ,3
14/3/2011 ,0
15/3/2011 ,2
16/3/2011 ,1
17/3/2011 ,0
18/3/2011 ,0
19/3/2011 ,1
20/3/2011 ,0
21/3/2011 ,1
22/3/2011 ,1
23/3/2011 ,2
24/3/2011 ,2
25/3/2011 ,1
26/3/2011 ,1
27/3/2011 ,1
28/3/2011 ,2
29/3/2011 ,2
30/3/2011 ,1
31/3/2011 ,0
1/4/2011,0
2/4/2011,1
3/4/2011,0
4/4/2011,2
5/4/2011,0
6/4/2011,0
7/4/2011,3
8/4/2011,3
9/4/2011,4
10/4/2011,5
11/4/2011,6
12/4/2011,6
13/4/2011 ,3
14/4/2011 ,2
15/4/2011 ,3
16/4/2011 ,4
17/4/2011 ,3
18/4/2011 ,4
19/4/2011 ,6
20/4/2011 ,9
21/4/2011 ,0
22/4/2011 ,1
23/4/2011 ,4
24/4/2011 ,1
25/4/2011 ,2
26/4/2011 ,3
27/4/2011 ,7
28/4/2011 ,10
29/4/2011 ,0
30/4/2011 ,1
1/5/2011,10
2/5/2011,6
3/5/2011,3
4/5/2011,3
5/5/2011,1
6/5/2011,3
7/5/2011,2
8/5/2011,2
9/5/2011,2
10/5/2011,2
11/5/2011,1
12/5/2011,1
13/5/2011 ,0
14/5/2011 ,0
15/5/2011 ,1
16/5/2011 ,2
17/5/2011 ,2
18/5/2011 ,1
19/5/2011 ,0
20/5/2011 ,1
21/5/2011 ,2
22/5/2011 ,1
23/5/2011 ,1
24/5/2011 ,1
25/5/2011 ,4
26/5/2011 ,5
27/5/2011 ,12
28/5/2011 ,5
29/5/2011 ,9
30/5/2011 ,10
31/5/2011 ,16
1/6/2011,12
2/6/2011,1
3/6/2011,2
4/6/2011,3
5/6/2011,4
6/6/2011,7
7/6/2011,2
8/6/2011,0
9/6/2011,7
10/6/2011,2
11/6/2011,2
12/6/2011,2
13/6/2011 ,1
14/6/2011 ,6
15/6/2011 ,1
16/6/2011 ,1
17/6/2011 ,1
18/6/2011 ,0
19/6/2011 ,1
20/6/2011 ,4
21/6/2011 ,0
22/6/2011 ,0
23/6/2011 ,0
24/6/2011 ,2
25/6/2011 ,17
26/6/2011 ,9
27/6/2011 ,6
28/6/2011 ,1
29/6/2011 ,0
30/6/2011 ,0
1/7/2011,2
2/7/2011,3
3/7/2011,0
4/7/2011,3
5/7/2011,18
6/7/2011,8
7/7/2011,4
8/7/2011,5
9/7/2011,2
10/7/2011,6
11/7/2011,5
12/7/2011,8
13/7/2011 ,16
14/7/2011 ,10
15/7/2011 ,1
16/7/2011 ,5
17/7/2011 ,3
18/7/2011 ,3
19/7/2011 ,1
20/7/2011 ,9
21/7/2011 ,5
22/7/2011 ,3
23/7/2011 ,6
24/7/2011 ,18
25/7/2011 ,21
26/7/2011 ,4
27/7/2011 ,8
28/7/2011 ,2
29/7/2011 ,2
30/7/2011 ,2
31/7/2011 ,0
1/8/2011,1
2/8/2011,1
3/8/2011,7
4/8/2011,3
5/8/2011,8
6/8/2011,11
7/8/2011,11
8/8/2011,3
9/8/2011,2
10/8/2011,4
11/8/2011,4
12/8/2011,10
13/8/2011 ,10
14/8/2011 ,1
15/8/2011 ,4
16/8/2011 ,3
17/8/2011 ,6
18/8/2011 ,6
19/8/2011 ,3
20/8/2011 ,4
21/8/2011 ,9
22/8/2011 ,17
23/8/2011 ,5
24/8/2011 ,16
25/8/2011 ,11
26/8/2011 ,7
27/8/2011 ,2
28/8/2011 ,1
29/8/2011 ,1
30/8/2011 ,4
31/8/2011 ,3
1/9/2011,10
2/9/2011,3
3/9/2011,1
4/9/2011,1
5/9/2011,2
6/9/2011,4
7/9/2011,1
8/9/2011,1
9/9/2011,8
10/9/2011,14
11/9/2011,18
12/9/2011,27
13/9/2011 ,32
14/9/2011 ,22
15/9/2011 ,10
16/9/2011 ,2
17/9/2011 ,1
18/9/2011 ,0
19/9/2011 ,0
20/9/2011 ,0
21/9/2011 ,8
22/9/2011 ,2
23/9/2011 ,0
24/9/2011 ,0
25/9/2011 ,0
26/9/2011 ,0
27/9/2011 ,0
28/9/2011 ,0
29/9/2011 ,1
30/9/2011 ,1
1/10/2011,0
2/10/2011,0
3/10/2011,1
4/10/2011,5
5/10/2011,2
6/10/2011,0
7/10/2011,0
8/10/2011,0
9/10/2011,0
10/10/2011,0
11/10/2011,1
12/10/2011,5
13/10/2011 ,1
14/10/2011 ,1
15/10/2011 ,3
16/10/2011 ,1
17/10/2011 ,1
18/10/2011 ,1
19/10/2011 ,5
20/10/2011 ,2
21/10/2011 ,4
22/10/2011 ,3
23/10/2011 ,4
24/10/2011 ,0
25/10/2011 ,4
26/10/2011 ,2
27/10/2011 ,1
28/10/2011 ,12
29/10/2011 ,6
30/10/2011 ,17
31/10/2011 ,3
1/11/2011,11
2/11/2011,3
3/11/2011,1
4/11/2011,0
5/11/2011,0
6/11/2011,1
7/11/2011,5
8/11/2011,1
9/11/2011,0
10/11/2011,0
11/11/2011,0
12/11/2011,0
13/11/2011 ,1
14/11/2011 ,2
15/11/2011 ,2
16/11/2011 ,1
17/11/2011 ,5
18/11/2011 ,4
19/11/2011 ,0
20/11/2011 ,10
21/11/2011 ,7
22/11/2011 ,1
23/11/2011 ,3
24/11/2011 ,4
25/11/2011 ,2
26/11/2011 ,6
27/11/2011 ,4
28/11/2011 ,1
29/11/2011 ,2
30/11/2011 ,4
1/12/2011,1
2/12/2011,2
3/12/2011,1
4/12/2011,1
5/12/2011,0
6/12/2011,0
7/12/2011,0
8/12/2011,0
9/12/2011,1
10/12/2011,2
11/12/2011,3
12/12/2011,11
13/12/2011 ,2
14/12/2011 ,3
15/12/2011 ,0
16/12/2011 ,5
17/12/2011 ,0
18/12/2011 ,7
19/12/2011 ,8
20/12/2011 ,1
21/12/2011 ,3
22/12/2011 ,0
23/12/2011 ,0
24/12/2011 ,0
25/12/2011 ,0
26/12/2011 ,0
27/12/2011 ,0
28/12/2011 ,0
29/12/2011 ,0
30/12/2011 ,0
31/12/2011 ,0
1/1/2012,0
2/1/2012,0
3/1/2012,0
4/1/2012,0
5/1/2012,6
6/1/2012,1
7/1/2012,1
8/1/2012,0
9/1/2012,2
10/1/2012,0
11/1/2012,0
12/1/2012,0
13/1/2012 ,0
14/1/2012 ,0
15/1/2012 ,0
16/1/2012 ,0
17/1/2012 ,0
18/1/2012 ,0
19/1/2012 ,0
20/1/2012 ,0
21/1/2012 ,0
22/1/2012 ,0
23/1/2012 ,0
24/1/2012 ,0
25/1/2012 ,0
26/1/2012 ,0
27/1/2012 ,0
28/1/2012 ,0
29/1/2012 ,0
30/1/2012 ,0
31/1/2012 ,0
1/2/2012,0
2/2/2012,0
3/2/2012,0
4/2/2012,1
5/2/2012,7
6/2/2012,6
7/2/2012,4
8/2/2012,2
9/2/2012,6
10/2/2012,3
11/2/2012,0
12/2/2012,0
13/2/2012 ,0
14/2/2012 ,6
15/2/2012 ,1
16/2/2012 ,1
17/2/2012 ,1
18/2/2012 ,0
19/2/2012 ,1
20/2/2012 ,1
21/2/2012 ,0
22/2/2012 ,0
23/2/2012 ,0
24/2/2012 ,0
25/2/2012 ,0
26/2/2012 ,2
27/2/2012 ,3
28/2/2012 ,11
29/2/2012 ,1
1/3/2012,4
2/3/2012,0
3/3/2012,0
4/3/2012,1
5/3/2012,0
6/3/2012,0
7/3/2012,0
8/3/2012,0
9/3/2012,0
10/3/2012,0
11/3/2012,1
12/3/2012,1
13/3/2012 ,3
14/3/2012 ,6
15/3/2012 ,1
16/3/2012 ,3
17/3/2012 ,0
18/3/2012 ,0
19/3/2012 ,0
20/3/2012 ,0
21/3/2012 ,0
22/3/2012 ,0
23/3/2012 ,0
24/3/2012 ,0
25/3/2012 ,0
26/3/2012 ,0
27/3/2012 ,1
28/3/2012 ,1
29/3/2012 ,2
30/3/2012 ,1
31/3/2012 ,0
1/4/2012,1
2/4/2012,2
3/4/2012,0
4/4/2012,0
5/4/2012,0
6/4/2012,0
7/4/2012,2
8/4/2012,4
9/4/2012,2
10/4/2012,2
11/4/2012,3
12/4/2012,0
13/4/2012 ,0
14/4/2012 ,1
15/4/2012 ,2
16/4/2012 ,5
17/4/2012 ,5
18/4/2012 ,1
19/4/2012 ,1
20/4/2012 ,1
21/4/2012 ,0
22/4/2012 ,2
23/4/2012 ,6
24/4/2012 ,12
25/4/2012 ,10
26/4/2012 ,2
27/4/2012 ,0
28/4/2012 ,0
29/4/2012 ,0
30/4/2012 ,1
1/5/2012,0
2/5/2012,0
3/5/2012,0
4/5/2012,0
5/5/2012,0
6/5/2012,0
7/5/2012,0
8/5/2012,0
9/5/2012,0
10/5/2012,0
11/5/2012,1
12/5/2012,0
13/5/2012 ,0
14/5/2012 ,1
15/5/2012 ,0
16/5/2012 ,0
17/5/2012 ,0
18/5/2012 ,0
19/5/2012 ,1
20/5/2012 ,0
21/5/2012 ,1
22/5/2012 ,1
23/5/2012 ,2
24/5/2012 ,5
25/5/2012 ,5
26/5/2012 ,14
27/5/2012 ,8
28/5/2012 ,4
29/5/2012 ,3
30/5/2012 ,1
31/5/2012 ,1
1/6/2012,4
2/6/2012,1
3/6/2012,5
4/6/2012,6
5/6/2012,10
6/6/2012,6
7/6/2012,4
8/6/2012,2
9/6/2012,2
10/6/2012,1
11/6/2012,1
12/6/2012,2
13/6/2012 ,10
14/6/2012 ,5
15/6/2012 ,1
16/6/2012 ,1
17/6/2012 ,2
18/6/2012 ,0
19/6/2012 ,1
20/6/2012 ,13
21/6/2012 ,3
22/6/2012 ,2
23/6/2012 ,4
24/6/2012 ,4
25/6/2012 ,3
26/6/2012 ,2
27/6/2012 ,1
28/6/2012 ,3
29/6/2012 ,1
30/6/2012 ,8
1/7/2012,8
2/7/2012,15
3/7/2012,6
4/7/2012,1
5/7/2012,1
6/7/2012,5
7/7/2012,11
8/7/2012,17
9/7/2012,16
10/7/2012,13
11/7/2012,8
12/7/2012,1
13/7/2012 ,2
14/7/2012 ,2
15/7/2012 ,1
16/7/2012 ,0
17/7/2012 ,0
18/7/2012 ,2
19/7/2012 ,0
20/7/2012 ,1
21/7/2012 ,5
22/7/2012 ,3
23/7/2012 ,5
24/7/2012 ,2
25/7/2012 ,10
26/7/2012 ,3
27/7/2012 ,1
28/7/2012 ,1
29/7/2012 ,2
30/7/2012 ,0
31/7/2012 ,0
1/8/2012,0
2/8/2012,0
3/8/2012,0
4/8/2012,1
5/8/2012,2
6/8/2012,3
7/8/2012,4
8/8/2012,7
9/8/2012,0
10/8/2012,13
11/8/2012,11
12/8/2012,3
13/8/2012 ,1
14/8/2012 ,4
15/8/2012 ,4
16/8/2012 ,5
17/8/2012 ,10
18/8/2012 ,8
19/8/2012 ,4
20/8/2012 ,1
21/8/2012 ,1
22/8/2012 ,2
23/8/2012 ,2
24/8/2012 ,4
25/8/2012 ,5
26/8/2012 ,9
27/8/2012 ,37
28/8/2012 ,10
29/8/2012 ,12
30/8/2012 ,7
31/8/2012 ,4
1/9/2012,7
2/9/2012,4
3/9/2012,11
4/9/2012,7
5/9/2012,1
6/9/2012,1
7/9/2012,6
8/9/2012,8
9/9/2012,12
10/9/2012,16
11/9/2012,5
12/9/2012,3
13/9/2012 ,2
14/9/2012 ,2
15/9/2012 ,4
16/9/2012 ,7
17/9/2012 ,4
18/9/2012 ,1
19/9/2012 ,1
20/9/2012 ,1
21/9/2012 ,0
22/9/2012 ,4
23/9/2012 ,5
24/9/2012 ,7
25/9/2012 ,2
26/9/2012 ,0
27/9/2012 ,0
28/9/2012 ,0
29/9/2012 ,0
30/9/2012 ,0
1/10/2012,1
2/10/2012,0
3/10/2012,0
4/10/2012,0
5/10/2012,0
6/10/2012,0
7/10/2012,1
8/10/2012,1
9/10/2012,3
10/10/2012,3
11/10/2012,0
12/10/2012,2
13/10/2012 ,4
14/10/2012 ,4
15/10/2012 ,10
16/10/2012 ,3
17/10/2012 ,3
18/10/2012 ,12
19/10/2012 ,5
20/10/2012 ,0
21/10/2012 ,5
22/10/2012 ,21
23/10/2012 ,7
24/10/2012 ,9
25/10/2012 ,0
26/10/2012 ,0
27/10/2012 ,2
28/10/2012 ,4
29/10/2012 ,22
30/10/2012 ,8
31/10/2012 ,15
1/11/2012,17
2/11/2012,11
3/11/2012,0
4/11/2012,0
5/11/2012,1
6/11/2012,2
7/11/2012,1
8/11/2012,1
9/11/2012,4
10/11/2012,3
11/11/2012,1
12/11/2012,0
13/11/2012 ,3
14/11/2012 ,1
15/11/2012 ,11
16/11/2012 ,20
17/11/2012 ,0
18/11/2012 ,0
19/11/2012 ,0
20/11/2012 ,0
21/11/2012 ,0
22/11/2012 ,0
23/11/2012 ,3
24/11/2012 ,4
25/11/2012 ,3
26/11/2012 ,14
27/11/2012 ,17
28/11/2012 ,1
29/11/2012 ,0
30/11/2012 ,0
1/12/2012,0
2/12/2012,0
3/12/2012,0
4/12/2012,2
5/12/2012,1
6/12/2012,5
7/12/2012,0
8/12/2012,3
9/12/2012,1
10/12/2012,0
11/12/2012,0
12/12/2012,0
13/12/2012 ,0
14/12/2012 ,0
15/12/2012 ,2
16/12/2012 ,3
17/12/2012 ,4
18/12/2012 ,3
19/12/2012 ,2
20/12/2012 ,2
21/12/2012 ,7
22/12/2012 ,4
23/12/2012 ,2
24/12/2012 ,3
25/12/2012 ,1
26/12/2012 ,3
27/12/2012 ,12
28/12/2012 ,6
29/12/2012 ,2
30/12/2012 ,2
31/12/2012 ,1
1/1/2013,0
2/1/2013,0
3/1/2013,2
4/1/2013,7
5/1/2013,2
6/1/2013,0
7/1/2013,3
8/1/2013,0
9/1/2013,0
10/1/2013,2
11/1/2013,0
12/1/2013,0
13/1/2013 ,0
14/1/2013 ,0
15/1/2013 ,0
16/1/2013 ,0
17/1/2013 ,0
18/1/2013 ,0
19/1/2013 ,0
20/1/2013 ,0
21/1/2013 ,0
22/1/2013 ,0
23/1/2013 ,1
24/1/2013 ,0
25/1/2013 ,5
26/1/2013 ,0
27/1/2013 ,0
28/1/2013 ,0
29/1/2013 ,0
30/1/2013 ,0
31/1/2013 ,0
1/2/2013,0
2/2/2013,0
3/2/2013,0
4/2/2013,0
5/2/2013,0
6/2/2013,4
7/2/2013,0
8/2/2013,3
9/2/2013,2
10/2/2013,1
11/2/2013,1
12/2/2013,4
13/2/2013 ,11
14/2/2013 ,1
15/2/2013 ,0
16/2/2013 ,0
17/2/2013 ,0
18/2/2013 ,0
19/2/2013 ,2
20/2/2013 ,0
21/2/2013 ,0
22/2/2013 ,0
23/2/2013 ,0
24/2/2013 ,0
25/2/2013 ,0
26/2/2013 ,0
27/2/2013 ,0
28/2/2013 ,0
1/3/2013,0
2/3/2013,3
3/3/2013,0
4/3/2013,2
5/3/2013,0
6/3/2013,2
7/3/2013,0
8/3/2013,1
9/3/2013,0
10/3/2013,0
11/3/2013,0
12/3/2013,0
13/3/2013 ,0
14/3/2013 ,3
15/3/2013 ,5
16/3/2013 ,1
17/3/2013 ,2
18/3/2013 ,2
19/3/2013 ,0
20/3/2013 ,0
21/3/2013 ,1
22/3/2013 ,0
23/3/2013 ,0
24/3/2013 ,19
25/3/2013 ,14
26/3/2013 ,4
27/3/2013 ,3
28/3/2013 ,1
29/3/2013 ,1
30/3/2013 ,0
31/3/2013 ,1
1/4/2013,0
2/4/2013,1
3/4/2013,0
4/4/2013,0
5/4/2013,0
6/4/2013,1
7/4/2013,0
8/4/2013,0
9/4/2013,1
10/4/2013,3
11/4/2013,2
12/4/2013,1
13/4/2013 ,1
14/4/2013 ,0
15/4/2013 ,3
16/4/2013 ,3
17/4/2013 ,0
18/4/2013 ,0
19/4/2013 ,1
20/4/2013 ,0
21/4/2013 ,0
22/4/2013 ,0
23/4/2013 ,4
24/4/2013 ,1
25/4/2013 ,4
26/4/2013 ,1
27/4/2013 ,1
28/4/2013 ,0
29/4/2013 ,2
30/4/2013 ,4
1/5/2013,7
2/5/2013,2
3/5/2013,5
4/5/2013,7
5/5/2013,3
6/5/2013,7
7/5/2013,2
8/5/2013,2
9/5/2013,4
10/5/2013,1
11/5/2013,1
12/5/2013,4
13/5/2013 ,23
14/5/2013 ,18
15/5/2013 ,0
16/5/2013 ,0
17/5/2013 ,0
18/5/2013 ,0
19/5/2013 ,2
20/5/2013 ,6
21/5/2013 ,4
22/5/2013 ,4
23/5/2013 ,4
24/5/2013 ,5
25/5/2013 ,6
26/5/2013 ,1
27/5/2013 ,1
28/5/2013 ,1
29/5/2013 ,6
30/5/2013 ,15
31/5/2013 ,35
1/6/2013,14
2/6/2013,13
3/6/2013,14
4/6/2013,16
5/6/2013,14
6/6/2013,3
7/6/2013,3
8/6/2013,26
9/6/2013,4
10/6/2013,1
11/6/2013,8
12/6/2013,23
13/6/2013 ,17
14/6/2013 ,8
15/6/2013 ,7
16/6/2013 ,5
17/6/2013 ,7
18/6/2013 ,11
19/6/2013 ,9
20/6/2013 ,5
21/6/2013 ,9
22/6/2013 ,22
23/6/2013 ,14
24/6/2013 ,9
25/6/2013 ,9
26/6/2013 ,2
27/6/2013 ,1
28/6/2013 ,3
29/6/2013 ,3
30/6/2013 ,6
1/7/2013,10
2/7/2013,4
3/7/2013,4
4/7/2013,5
5/7/2013,11
6/7/2013,5
7/7/2013,11
8/7/2013,11
9/7/2013,8
10/7/2013,11
11/7/2013,10
12/7/2013,9
13/7/2013 ,1
14/7/2013 ,0
15/7/2013 ,6
16/7/2013 ,14
17/7/2013 ,2
18/7/2013 ,2
19/7/2013 ,3
20/7/2013 ,2
21/7/2013 ,2
22/7/2013 ,13
23/7/2013 ,6
24/7/2013 ,4
25/7/2013 ,6
26/7/2013 ,2
27/7/2013 ,1
28/7/2013 ,1
29/7/2013 ,0
30/7/2013 ,0
31/7/2013 ,2
1/8/2013,5
2/8/2013,10
3/8/2013,19
4/8/2013,33
5/8/2013,16
6/8/2013,9
7/8/2013,1
8/8/2013,4
9/8/2013,1
10/8/2013,1
11/8/2013,2
12/8/2013,2
13/8/2013 ,2
14/8/2013 ,2
15/8/2013 ,1
16/8/2013 ,1
17/8/2013 ,2
18/8/2013 ,2
19/8/2013 ,1
20/8/2013 ,1
21/8/2013 ,4
22/8/2013 ,0
23/8/2013 ,1
24/8/2013 ,0
25/8/2013 ,0
26/8/2013 ,1
27/8/2013 ,1
28/8/2013 ,0
29/8/2013 ,3
30/8/2013 ,2
31/8/2013 ,0
1/9/2013,0
2/9/2013,1
3/9/2013,2
4/9/2013,3
5/9/2013,6
6/9/2013,8
7/9/2013,5
8/9/2013,19
9/9/2013,11
10/9/2013,18
11/9/2013,15
12/9/2013,17
13/9/2013 ,8
14/9/2013 ,11
15/9/2013 ,1
16/9/2013 ,5
17/9/2013 ,10
18/9/2013 ,6
19/9/2013 ,3
20/9/2013 ,11
21/9/2013 ,1
22/9/2013 ,0
23/9/2013 ,0
24/9/2013 ,0
25/9/2013 ,0
26/9/2013 ,0
27/9/2013 ,0
28/9/2013 ,0
29/9/2013 ,0
30/9/2013 ,0
1/10/2013,3
2/10/2013,3
3/10/2013,1
4/10/2013,1
5/10/2013,0
6/10/2013,0
7/10/2013,1
8/10/2013,1
9/10/2013,0
10/10/2013,5
11/10/2013,2
12/10/2013,5
13/10/2013 ,4
14/10/2013 ,1
15/10/2013 ,0
16/10/2013 ,3
17/10/2013 ,3
18/10/2013 ,4
19/10/2013 ,6
20/10/2013 ,10
21/10/2013 ,10
22/10/2013 ,6
23/10/2013 ,1
24/10/2013 ,1
25/10/2013 ,2
26/10/2013 ,0
27/10/2013 ,1
28/10/2013 ,1
29/10/2013 ,1
30/10/2013 ,4
31/10/2013 ,2
1/11/2013,4
2/11/2013,6
3/11/2013,6
4/11/2013,1
5/11/2013,1
6/11/2013,2
7/11/2013,1
8/11/2013,2
9/11/2013,2
10/11/2013,4
11/11/2013,11
12/11/2013,6
13/11/2013 ,6
14/11/2013 ,1
15/11/2013 ,0
16/11/2013 ,0
17/11/2013 ,1
18/11/2013 ,0
19/11/2013 ,2
20/11/2013 ,2
21/11/2013 ,0
22/11/2013 ,0
23/11/2013 ,3
24/11/2013 ,1
25/11/2013 ,1
26/11/2013 ,2
27/11/2013 ,1
28/11/2013 ,0
29/11/2013 ,0
30/11/2013 ,1
1/12/2013,5
2/12/2013,3
3/12/2013,1
4/12/2013,5
5/12/2013,4
6/12/2013,0
7/12/2013,0
8/12/2013,1
9/12/2013,0
10/12/2013,0
11/12/2013,0
12/12/2013,1
13/12/2013 ,3
14/12/2013 ,3
15/12/2013 ,7
16/12/2013 ,0
17/12/2013 ,0
18/12/2013 ,0
19/12/2013 ,7
20/12/2013 ,2
21/12/2013 ,0
22/12/2013 ,0
23/12/2013 ,0
24/12/2013 ,1
25/12/2013 ,0
26/12/2013 ,0
27/12/2013 ,0
28/12/2013 ,0
29/12/2013 ,0
30/12/2013 ,0
31/12/2013 ,0
1/1/2014,0
2/1/2014,0
3/1/2014,0
4/1/2014,0
5/1/2014,0
6/1/2014,1
7/1/2014,2
8/1/2014,0
9/1/2014,0
10/1/2014,2
11/1/2014,0
12/1/2014,0
13/1/2014 ,0
14/1/2014 ,0
15/1/2014 ,3
16/1/2014 ,2
17/1/2014 ,2
18/1/2014 ,0
19/1/2014 ,0
20/1/2014 ,0
21/1/2014 ,0
22/1/2014 ,0
23/1/2014 ,0
24/1/2014 ,0
25/1/2014 ,0
26/1/2014 ,0
27/1/2014 ,0
28/1/2014 ,0
29/1/2014 ,1
30/1/2014 ,0
31/1/2014 ,0
1/2/2014,0
2/2/2014,0
3/2/2014,0
4/2/2014,0
5/2/2014,0
6/2/2014,0
7/2/2014,0
8/2/2014,0
9/2/2014,0
10/2/2014,0
11/2/2014,0
12/2/2014,0
13/2/2014 ,0
14/2/2014 ,0
15/2/2014 ,0
16/2/2014 ,0
17/2/2014 ,0
18/2/2014 ,0
19/2/2014 ,1
20/2/2014 ,5
21/2/2014 ,0
22/2/2014 ,0
23/2/2014 ,1
24/2/2014 ,0
25/2/2014 ,0
26/2/2014 ,0
27/2/2014 ,1
28/2/2014 ,0
1/3/2014,0
2/3/2014,0
3/3/2014,1
4/3/2014,1
5/3/2014,3
6/3/2014,2
7/3/2014,6
8/3/2014,1
9/3/2014,0
10/3/2014,0
11/3/2014,0
12/3/2014,0
13/3/2014 ,0
14/3/2014 ,0
15/3/2014 ,2
16/3/2014 ,1
17/3/2014 ,1
18/3/2014 ,2
19/3/2014 ,2
20/3/2014 ,4
21/3/2014 ,3
22/3/2014 ,0
23/3/2014 ,0
24/3/2014 ,4
25/3/2014 ,2
26/3/2014 ,3
27/3/2014 ,2
28/3/2014 ,0
29/3/2014 ,0
30/3/2014 ,0
31/3/2014 ,1
1/4/2014,2
2/4/2014,0
3/4/2014,0
4/4/2014,4
5/4/2014,6
6/4/2014,7
7/4/2014,3
8/4/2014,4
9/4/2014,0
10/4/2014,1
11/4/2014,2
12/4/2014,1
13/4/2014 ,0
14/4/2014 ,3
15/4/2014 ,3
16/4/2014 ,1
17/4/2014 ,2
18/4/2014 ,3
19/4/2014 ,3
20/4/2014 ,0
21/4/2014 ,0
22/4/2014 ,10
23/4/2014 ,2
24/4/2014 ,5
25/4/2014 ,1
26/4/2014 ,1
27/4/2014 ,4
28/4/2014 ,8
29/4/2014 ,11
30/4/2014 ,2
1/5/2014,5
2/5/2014,8
3/5/2014,12
4/5/2014,7
5/5/2014,6
6/5/2014,6
7/5/2014,5
8/5/2014,5
9/5/2014,3
10/5/2014,2
11/5/2014,1
12/5/2014,1
13/5/2014 ,0
14/5/2014 ,1
15/5/2014 ,0
16/5/2014 ,0
17/5/2014 ,0
18/5/2014 ,1
19/5/2014 ,0
20/5/2014 ,0
21/5/2014 ,1
22/5/2014 ,1
23/5/2014 ,1
24/5/2014 ,1
25/5/2014 ,5
26/5/2014 ,0
27/5/2014 ,2
28/5/2014 ,1
29/5/2014 ,1
30/5/2014 ,4
31/5/2014 ,5
1/6/2014,8
2/6/2014,9
3/6/2014,13
4/6/2014,2
5/6/2014,2
6/6/2014,3
7/6/2014,4
8/6/2014,19
9/6/2014,13
10/6/2014,0
11/6/2014,3
12/6/2014,11
13/6/2014 ,1
14/6/2014 ,3
15/6/2014 ,0
16/6/2014 ,0
17/6/2014 ,4
18/6/2014 ,7
19/6/2014 ,7
20/6/2014 ,7
21/6/2014 ,7
22/6/2014 ,8
23/6/2014 ,2
24/6/2014 ,2
25/6/2014 ,6
26/6/2014 ,0
27/6/2014 ,1
28/6/2014 ,3
29/6/2014 ,7
30/6/2014 ,8
1/7/2014,19
2/7/2014,13
3/7/2014,3
4/7/2014,5
5/7/2014,15
6/7/2014,24
7/7/2014,9
8/7/2014,7
9/7/2014,14
10/7/2014,12
11/7/2014,1
12/7/2014,6
13/7/2014 ,4
14/7/2014 ,8
15/7/2014 ,2
16/7/2014 ,1
17/7/2014 ,0
18/7/2014 ,1
19/7/2014 ,6
20/7/2014 ,1
21/7/2014 ,0
22/7/2014 ,4
23/7/2014 ,2
24/7/2014 ,1
25/7/2014 ,0
26/7/2014 ,10
27/7/2014 ,10
28/7/2014 ,14
29/7/2014 ,11
30/7/2014 ,1
31/7/2014 ,1
1/8/2014,8
2/8/2014,15
3/8/2014,13
4/8/2014,18
5/8/2014,20
6/8/2014,3
7/8/2014,1
8/8/2014,8
9/8/2014,2
10/8/2014,5
11/8/2014,14
12/8/2014,3
13/8/2014 ,5
14/8/2014 ,5
15/8/2014 ,7
16/8/2014 ,4
17/8/2014 ,5
18/8/2014 ,4
19/8/2014 ,3
20/8/2014 ,1
21/8/2014 ,7
22/8/2014 ,22
23/8/2014 ,5
24/8/2014 ,2
25/8/2014 ,0
26/8/2014 ,0
27/8/2014 ,0
28/8/2014 ,1
29/8/2014 ,2
30/8/2014 ,2
31/8/2014 ,4
1/9/2014,8
2/9/2014,6
3/9/2014,5
4/9/2014,3
5/9/2014,4
6/9/2014,7
7/9/2014,5
8/9/2014,7
9/9/2014,7
10/9/2014,4
11/9/2014,6
12/9/2014,3
13/9/2014 ,7
14/9/2014 ,10
15/9/2014 ,16
16/9/2014 ,6
17/9/2014 ,2
18/9/2014 ,9
19/9/2014 ,3
20/9/2014 ,0
21/9/2014 ,0
22/9/2014 ,0
23/9/2014 ,0
24/9/2014 ,1
25/9/2014 ,3
26/9/2014 ,2
27/9/2014 ,0
28/9/2014 ,4
29/9/2014 ,4
30/9/2014 ,2
1/10/2014,6
2/10/2014,15
3/10/2014,11
4/10/2014,1
5/10/2014,0
6/10/2014,3
7/10/2014,13
8/10/2014,26
9/10/2014,9
10/10/2014,6
11/10/2014,0
12/10/2014,0
13/10/2014 ,1
14/10/2014 ,1
15/10/2014 ,5
16/10/2014 ,7
17/10/2014 ,11
18/10/2014 ,13
19/10/2014 ,4
20/10/2014 ,1
21/10/2014 ,7
22/10/2014 ,0
23/10/2014 ,3
24/10/2014 ,0
25/10/2014 ,3
26/10/2014 ,4
27/10/2014 ,3
28/10/2014 ,3
29/10/2014 ,3
30/10/2014 ,11
31/10/2014 ,4
1/11/2014,1
2/11/2014,3
3/11/2014,3
4/11/2014,3
5/11/2014,2
6/11/2014,1
7/11/2014,0
8/11/2014,0
9/11/2014,0
10/11/2014,0
11/11/2014,1
12/11/2014,1
13/11/2014 ,2
14/11/2014 ,1
15/11/2014 ,1
16/11/2014 ,8
17/11/2014 ,2
18/11/2014 ,4
19/11/2014 ,3
20/11/2014 ,7
21/11/2014 ,4
22/11/2014 ,7
23/11/2014 ,7
24/11/2014 ,3
25/11/2014 ,3
26/11/2014 ,5
27/11/2014 ,9
28/11/2014 ,1
29/11/2014 ,3
30/11/2014 ,1
1/12/2014,14
2/12/2014,3
3/12/2014,0
4/12/2014,0
5/12/2014,1
6/12/2014,5
7/12/2014,2
8/12/2014,8
9/12/2014,4
10/12/2014,8
11/12/2014,2
12/12/2014,2
13/12/2014 ,1
14/12/2014 ,1
15/12/2014 ,6
16/12/2014 ,4
17/12/2014 ,10
18/12/2014 ,2
19/12/2014 ,5
20/12/2014 ,5
21/12/2014 ,3
22/12/2014 ,9
23/12/2014 ,4
24/12/2014 ,6
25/12/2014 ,11
26/12/2014 ,4
27/12/2014 ,0
28/12/2014 ,2
29/12/2014 ,2
30/12/2014 ,1
31/12/2014 ,1
1/1/2015,1
2/1/2015,0
3/1/2015,0
4/1/2015,0
5/1/2015,0
6/1/2015,2
7/1/2015,0
8/1/2015,0
9/1/2015,0
10/1/2015,0
11/1/2015,0
12/1/2015,0
13/1/2015 ,0
14/1/2015 ,0
15/1/2015 ,0
16/1/2015 ,0
17/1/2015 ,0
18/1/2015 ,0
19/1/2015 ,0
20/1/2015 ,0
21/1/2015 ,0
22/1/2015 ,1
23/1/2015 ,1
24/1/2015 ,2
25/1/2015 ,0
26/1/2015 ,0
27/1/2015 ,0
28/1/2015 ,1
29/1/2015 ,11
30/1/2015 ,2
31/1/2015 ,0
1/2/2015,0
2/2/2015,1
3/2/2015,3
4/2/2015,1
5/2/2015,3
6/2/2015,2
7/2/2015,0
8/2/2015,0
9/2/2015,6
10/2/2015,3
11/2/2015,4
12/2/2015,0
13/2/2015 ,5
14/2/2015 ,0
15/2/2015 ,0
16/2/2015 ,0
17/2/2015 ,0
18/2/2015 ,0
19/2/2015 ,0
20/2/2015 ,0
21/2/2015 ,0
22/2/2015 ,0
23/2/2015 ,2
24/2/2015 ,3
25/2/2015 ,1
26/2/2015 ,4
27/2/2015 ,3
28/2/2015 ,1
1/3/2015,4
2/3/2015,11
3/3/2015,5
4/3/2015,3
5/3/2015,1
6/3/2015,2
7/3/2015,0
8/3/2015,1
9/3/2015,2
10/3/2015,1
11/3/2015,3
12/3/2015,2
13/3/2015 ,2
14/3/2015 ,4
15/3/2015 ,3
16/3/2015 ,2
17/3/2015 ,2
18/3/2015 ,2
19/3/2015 ,0
20/3/2015 ,0
21/3/2015 ,0
22/3/2015 ,0
23/3/2015 ,0
24/3/2015 ,0
25/3/2015 ,0
26/3/2015 ,2
27/3/2015 ,9
28/3/2015 ,3
29/3/2015 ,2
30/3/2015 ,4
31/3/2015 ,6
1/4/2015,7
2/4/2015,1
3/4/2015,2
4/4/2015,0
5/4/2015,0
6/4/2015,7
7/4/2015,11
8/4/2015,2
9/4/2015,3
10/4/2015,8
11/4/2015,4
12/4/2015,12
13/4/2015 ,3
14/4/2015 ,3
15/4/2015 ,3
16/4/2015 ,11
17/4/2015 ,5
18/4/2015 ,1
19/4/2015 ,6
20/4/2015 ,19
21/4/2015 ,18
22/4/2015 ,0
23/4/2015 ,0
24/4/2015 ,6
25/4/2015 ,3
26/4/2015 ,8
27/4/2015 ,14
28/4/2015 ,7
29/4/2015 ,8
30/4/2015 ,5
1/5/2015,3
2/5/2015,2
3/5/2015,2
4/5/2015,1
5/5/2015,1
6/5/2015,3
7/5/2015,2
8/5/2015,2
9/5/2015,7
10/5/2015,10
11/5/2015,7
12/5/2015,8
13/5/2015 ,4
14/5/2015 ,2
15/5/2015 ,1
16/5/2015 ,4
17/5/2015 ,5
18/5/2015 ,13
19/5/2015 ,20
20/5/2015 ,2
21/5/2015 ,11
22/5/2015 ,3
23/5/2015 ,4
24/5/2015 ,2
25/5/2015 ,0
26/5/2015 ,1
27/5/2015 ,1
28/5/2015 ,1
29/5/2015 ,1
30/5/2015 ,1
31/5/2015 ,8
1/6/2015,20
2/6/2015,3
3/6/2015,1
4/6/2015,3
5/6/2015,7
6/6/2015,0
7/6/2015,0
8/6/2015,3
9/6/2015,1
10/6/2015,0
11/6/2015,9
12/6/2015,3
13/6/2015 ,2
14/6/2015 ,1
15/6/2015 ,34
16/6/2015 ,25
17/6/2015 ,33
18/6/2015 ,12
19/6/2015 ,9
20/6/2015 ,1
21/6/2015 ,2
22/6/2015 ,3
23/6/2015 ,1
24/6/2015 ,0
25/6/2015 ,1
26/6/2015 ,5
27/6/2015 ,18
28/6/2015 ,15
29/6/2015 ,21
30/6/2015 ,11
1/7/2015,6
2/7/2015,4
3/7/2015,10
4/7/2015,15
5/7/2015,9
6/7/2015,1
7/7/2015,1
8/7/2015,5
9/7/2015,2
10/7/2015,23
11/7/2015,11
12/7/2015,4
13/7/2015 ,2
14/7/2015 ,15
15/7/2015 ,33
16/7/2015 ,7
17/7/2015 ,18
18/7/2015 ,14
19/7/2015 ,4
20/7/2015 ,6
21/7/2015 ,35
22/7/2015 ,26
23/7/2015 ,37
24/7/2015 ,10
25/7/2015 ,2
26/7/2015 ,2
27/7/2015 ,0
28/7/2015 ,0
29/7/2015 ,0
30/7/2015 ,1
31/7/2015 ,0
1/8/2015,1
2/8/2015,7
3/8/2015,10
4/8/2015,9
5/8/2015,26
6/8/2015,8
7/8/2015,3
8/8/2015,0
9/8/2015,5
10/8/2015,5
11/8/2015,13
12/8/2015,3
13/8/2015 ,9
14/8/2015 ,5
15/8/2015 ,7
16/8/2015 ,5
17/8/2015 ,8
18/8/2015 ,4
19/8/2015 ,1
20/8/2015 ,1
21/8/2015 ,0
22/8/2015 ,3
23/8/2015 ,7
24/8/2015 ,11
25/8/2015 ,9
26/8/2015 ,4
27/8/2015 ,10
28/8/2015 ,9
29/8/2015 ,5
30/8/2015 ,4
31/8/2015 ,1
1/9/2015,7
2/9/2015,0
3/9/2015,7
4/9/2015,5
5/9/2015,5
6/9/2015,6
7/9/2015,2
8/9/2015,0
9/9/2015,2
10/9/2015,3
11/9/2015,2
12/9/2015,3
13/9/2015 ,1
14/9/2015 ,4
15/9/2015 ,12
16/9/2015 ,48
17/9/2015 ,4
18/9/2015 ,6
19/9/2015 ,4
20/9/2015 ,4
21/9/2015 ,3
22/9/2015 ,1
23/9/2015 ,3
24/9/2015 ,4
25/9/2015 ,4
26/9/2015 ,3
27/9/2015 ,2
28/9/2015 ,2
29/9/2015 ,5
30/9/2015 ,7
1/10/2015,1
2/10/2015,1
3/10/2015,3
4/10/2015,7
5/10/2015,34
6/10/2015,9
7/10/2015,2
8/10/2015,2
9/10/2015,7
10/10/2015,0
11/10/2015,2
12/10/2015,6
13/10/2015 ,9
14/10/2015 ,14
15/10/2015 ,10
16/10/2015 ,13
17/10/2015 ,2
18/10/2015 ,11
19/10/2015 ,1
20/10/2015 ,1
21/10/2015 ,5
22/10/2015 ,4
23/10/2015 ,7
24/10/2015 ,4
25/10/2015 ,5
26/10/2015 ,1
27/10/2015 ,16
28/10/2015 ,4
29/10/2015 ,7
30/10/2015 ,5
31/10/2015 ,2
1/11/2015,0
2/11/2015,7
3/11/2015,1
4/11/2015,5
5/11/2015,10
6/11/2015,9
7/11/2015,13
8/11/2015,11
9/11/2015,12
10/11/2015,5
11/11/2015,2
12/11/2015,7
13/11/2015 ,12
14/11/2015 ,15
15/11/2015 ,11
16/11/2015 ,11
17/11/2015 ,3
18/11/2015 ,2
19/11/2015 ,5
20/11/2015 ,7
21/11/2015 ,9
22/11/2015 ,9
23/11/2015 ,5
24/11/2015 ,4
25/11/2015 ,7
26/11/2015 ,1
27/11/2015 ,0
28/11/2015 ,2
29/11/2015 ,9
30/11/2015 ,7
1/12/2015,5
2/12/2015,8
3/12/2015,8
4/12/2015,8
5/12/2015,8
6/12/2015,7
7/12/2015,19
8/12/2015,10
9/12/2015,3
10/12/2015,2
11/12/2015,16
12/12/2015,7
13/12/2015 ,8
14/12/2015 ,5
15/12/2015 ,1
16/12/2015 ,8
17/12/2015 ,1
18/12/2015 ,2
19/12/2015 ,4
20/12/2015 ,3
21/12/2015 ,2
22/12/2015 ,0
23/12/2015 ,0
24/12/2015 ,0
25/12/2015 ,0
26/12/2015 ,0
27/12/2015 ,2
28/12/2015 ,0
29/12/2015 ,1
30/12/2015 ,0
31/12/2015 ,0
1/1/2016,2
2/1/2016,1
3/1/2016,0
4/1/2016,1
5/1/2016,2
6/1/2016,4
7/1/2016,2
8/1/2016,2
9/1/2016,0
10/1/2016,4
11/1/2016,0
12/1/2016,0
13/1/2016 ,0
14/1/2016 ,0
15/1/2016 ,0
16/1/2016 ,0
17/1/2016 ,0
18/1/2016 ,0
19/1/2016 ,0
20/1/2016 ,0
21/1/2016 ,0
22/1/2016 ,0
23/1/2016 ,3
24/1/2016 ,6
25/1/2016 ,4
26/1/2016 ,1
27/1/2016 ,0
28/1/2016 ,0
29/1/2016 ,0
30/1/2016 ,0
31/1/2016 ,0
1/2/2016,0
2/2/2016,0
3/2/2016,0
4/2/2016,0
5/2/2016,0
6/2/2016,0
7/2/2016,5
8/2/2016,0
9/2/2016,3
10/2/2016,0
11/2/2016,0
12/2/2016,0
13/2/2016 ,0
14/2/2016 ,0
15/2/2016 ,7
16/2/2016 ,0
17/2/2016 ,8
18/2/2016 ,2
19/2/2016 ,0
20/2/2016 ,3
21/2/2016 ,0
22/2/2016 ,0
23/2/2016 ,0
24/2/2016 ,0
25/2/2016 ,3
26/2/2016 ,0
27/2/2016 ,0
28/2/2016 ,1
29/2/2016 ,1
1/3/2016,0
2/3/2016,0
3/3/2016,0
4/3/2016,0
5/3/2016,0
6/3/2016,1
7/3/2016,2
8/3/2016,3
9/3/2016,0
10/3/2016,0
11/3/2016,7
12/3/2016,1
13/3/2016 ,0
14/3/2016 ,0
15/3/2016 ,2
16/3/2016 ,0
17/3/2016 ,0
18/3/2016 ,0
19/3/2016 ,0
20/3/2016 ,0
21/3/2016 ,0
22/3/2016 ,0
23/3/2016 ,0
24/3/2016 ,0
25/3/2016 ,0
26/3/2016 ,0
27/3/2016 ,3
28/3/2016 ,7
29/3/2016 ,6
30/3/2016 ,4
31/3/2016 ,5
1/4/2016,12
2/4/2016,0
3/4/2016,1
4/4/2016,1
5/4/2016,2
6/4/2016,6
7/4/2016,4
8/4/2016,1
9/4/2016,2
10/4/2016,5
11/4/2016,3
12/4/2016,2
13/4/2016 ,4
14/4/2016 ,3
15/4/2016 ,3
16/4/2016 ,4
17/4/2016 ,4
18/4/2016 ,2
19/4/2016 ,3
20/4/2016 ,3
21/4/2016 ,2
22/4/2016 ,1
23/4/2016 ,3
24/4/2016 ,0
25/4/2016 ,1
26/4/2016 ,8
27/4/2016 ,2
28/4/2016 ,2
29/4/2016 ,6
30/4/2016 ,11
1/5/2016,4
2/5/2016,3
3/5/2016,3
4/5/2016,4
5/5/2016,10
6/5/2016,7
7/5/2016,2
8/5/2016,7
9/5/2016,0
10/5/2016,5
11/5/2016,3
12/5/2016,5
13/5/2016 ,5
14/5/2016 ,7
15/5/2016 ,107
16/5/2016 ,76
17/5/2016 ,27
18/5/2016 ,24
19/5/2016 ,9
20/5/2016 ,8
21/5/2016 ,7
22/5/2016 ,9
23/5/2016 ,17
24/5/2016 ,20
25/5/2016 ,33
26/5/2016 ,11
27/5/2016 ,23
28/5/2016 ,119
29/5/2016 ,24
30/5/2016 ,14
31/5/2016 ,64
1/6/2016,14
2/6/2016,17
3/6/2016,12
4/6/2016,14
5/6/2016,8
6/6/2016,4
7/6/2016,12
8/6/2016,17
9/6/2016,13
10/6/2016,47
11/6/2016,6
12/6/2016,15
13/6/2016 ,19
14/6/2016 ,8
15/6/2016 ,6
16/6/2016 ,8
17/6/2016 ,8
18/6/2016 ,10
19/6/2016 ,20
20/6/2016 ,11
21/6/2016 ,15
22/6/2016 ,28
23/6/2016 ,2
24/6/2016 ,6
25/6/2016 ,2
26/6/2016 ,3
27/6/2016 ,4
28/6/2016 ,11
29/6/2016 ,5
30/6/2016 ,8
1/7/2016,3
2/7/2016,0
3/7/2016,0
4/7/2016,3
5/7/2016,10
6/7/2016,0
7/7/2016,0
8/7/2016,9
9/7/2016,21
10/7/2016,13
11/7/2016,4
12/7/2016,14
13/7/2016 ,12
14/7/2016 ,6
15/7/2016 ,6
16/7/2016 ,5
17/7/2016 ,5
18/7/2016 ,6
19/7/2016 ,8
20/7/2016 ,5
21/7/2016 ,8
22/7/2016 ,10
23/7/2016 ,10
24/7/2016 ,7
25/7/2016 ,6
26/7/2016 ,5
27/7/2016 ,5
28/7/2016 ,0
29/7/2016 ,2
30/7/2016 ,7
31/7/2016 ,4
1/8/2016,4
2/8/2016,0
3/8/2016,0
4/8/2016,5
5/8/2016,6
6/8/2016,0
7/8/2016,1
8/8/2016,0
9/8/2016,3
10/8/2016,7
11/8/2016,1
12/8/2016,5
13/8/2016 ,5
14/8/2016 ,7
15/8/2016 ,5
16/8/2016 ,2
17/8/2016 ,0
18/8/2016 ,7
19/8/2016 ,4
20/8/2016 ,1
21/8/2016 ,2
22/8/2016 ,6
23/8/2016 ,21
24/8/2016 ,12
25/8/2016 ,23
26/8/2016 ,9
27/8/2016 ,13
28/8/2016 ,1
29/8/2016 ,2
30/8/2016 ,26
31/8/2016 ,21
1/9/2016,3
2/9/2016,13
3/9/2016,1
4/9/2016,4
5/9/2016,0
6/9/2016,0
7/9/2016,0
8/9/2016,0
9/9/2016,2
10/9/2016,2
11/9/2016,1
12/9/2016,2
13/9/2016 ,2
14/9/2016 ,6
15/9/2016 ,2
16/9/2016 ,1
17/9/2016 ,6
18/9/2016 ,7
19/9/2016 ,1
20/9/2016 ,9
21/9/2016 ,3
22/9/2016 ,1
23/9/2016 ,1
24/9/2016 ,1
25/9/2016 ,1
26/9/2016 ,1
27/9/2016 ,2
28/9/2016 ,4
29/9/2016 ,7
30/9/2016 ,8
1/10/2016,0
2/10/2016,1
3/10/2016,0
4/10/2016,0
5/10/2016,3
6/10/2016,1
7/10/2016,0
8/10/2016,0
9/10/2016,3
10/10/2016,1
11/10/2016,0
12/10/2016,0
13/10/2016 ,0
14/10/2016 ,4
15/10/2016 ,1
16/10/2016 ,1
17/10/2016 ,1
18/10/2016 ,1
19/10/2016 ,2
20/10/2016 ,0
21/10/2016 ,2
22/10/2016 ,2
23/10/2016 ,1
24/10/2016 ,17
25/10/2016 ,2
26/10/2016 ,1
27/10/2016 ,2
28/10/2016 ,0
29/10/2016 ,2
30/10/2016 ,2
31/10/2016 ,6
1/11/2016,5
2/11/2016,1
3/11/2016,11
4/11/2016,9
5/11/2016,5
6/11/2016,6
7/11/2016,0
8/11/2016,1
9/11/2016,2
10/11/2016,0
11/11/2016,0
12/11/2016,5
13/11/2016 ,3
14/11/2016 ,10
15/11/2016 ,6
16/11/2016 ,6
17/11/2016 ,2
18/11/2016 ,4
19/11/2016 ,16
20/11/2016 ,5
21/11/2016 ,4
22/11/2016 ,5
23/11/2016 ,5
24/11/2016 ,1
25/11/2016 ,0
26/11/2016 ,0
27/11/2016 ,0
28/11/2016 ,0
29/11/2016 ,0
30/11/2016 ,0
1/12/2016,0
2/12/2016,0
3/12/2016,0
4/12/2016,0
5/12/2016,0
6/12/2016,0
7/12/2016,3
8/12/2016,5
9/12/2016,2
10/12/2016,3
11/12/2016,0
12/12/2016,1
13/12/2016 ,0
14/12/2016 ,0
15/12/2016 ,0
16/12/2016 ,2
17/12/2016 ,1
18/12/2016 ,0
19/12/2016 ,9
20/12/2016 ,5
21/12/2016 ,2
22/12/2016 ,1
23/12/2016 ,0
24/12/2016 ,0
25/12/2016 ,0
26/12/2016 ,0
27/12/2016 ,14
28/12/2016 ,3
29/12/2016 ,2
30/12/2016 ,0
31/12/2016 ,3
1/1/2017,1
2/1/2017,0
3/1/2017,0
4/1/2017,0
5/1/2017,0
6/1/2017,0
7/1/2017,0
8/1/2017,0
9/1/2017,0
10/1/2017,0
11/1/2017,0
12/1/2017,0
13/1/2017 ,0
14/1/2017 ,0
15/1/2017 ,0
16/1/2017 ,0
17/1/2017 ,0
18/1/2017 ,0
19/1/2017 ,0
20/1/2017 ,0
21/1/2017 ,1
22/1/2017 ,11
23/1/2017 ,3
24/1/2017 ,4
25/1/2017 ,2
26/1/2017 ,7
27/1/2017 ,0
28/1/2017 ,2
29/1/2017 ,3
30/1/2017 ,10
31/1/2017 ,0
1/2/2017,0
2/2/2017,0
3/2/2017,0
4/2/2017,0
5/2/2017,0
6/2/2017,0
7/2/2017,0
8/2/2017,0
9/2/2017,0
10/2/2017,0
11/2/2017,0
12/2/2017,0
13/2/2017 ,0
14/2/2017 ,3
15/2/2017 ,1
16/2/2017 ,0
17/2/2017 ,0
18/2/2017 ,1
19/2/2017 ,1
20/2/2017 ,1
21/2/2017 ,0
22/2/2017 ,0
23/2/2017 ,0
24/2/2017 ,3
25/2/2017 ,1
26/2/2017 ,1
27/2/2017 ,1
28/2/2017 ,5
1/3/2017,2
2/3/2017,0
3/3/2017,3
4/3/2017,0
5/3/2017,0
6/3/2017,0
7/3/2017,2
8/3/2017,12
9/3/2017,5
10/3/2017,8
11/3/2017,4
12/3/2017,1
13/3/2017 ,7
14/3/2017 ,16
15/3/2017 ,2
16/3/2017 ,3
17/3/2017 ,0
18/3/2017 ,2
19/3/2017 ,1
20/3/2017 ,2
21/3/2017 ,2
22/3/2017 ,0
23/3/2017 ,0
24/3/2017 ,0
25/3/2017 ,0
26/3/2017 ,0
27/3/2017 ,2
28/3/2017 ,4
29/3/2017 ,9
30/3/2017 ,2
31/3/2017 ,9
1/4/2017,4
2/4/2017,5
3/4/2017,6
4/4/2017,3
5/4/2017,3
6/4/2017,5
7/4/2017,1
8/4/2017,1
9/4/2017,2
10/4/2017,1
11/4/2017,15
12/4/2017,7
13/4/2017 ,6
14/4/2017 ,4
15/4/2017 ,1
16/4/2017 ,1
17/4/2017 ,0
18/4/2017 ,0
19/4/2017 ,0
20/4/2017 ,0
21/4/2017 ,0
22/4/2017 ,0
23/4/2017 ,1
24/4/2017 ,1
25/4/2017 ,5
26/4/2017 ,1
27/4/2017 ,0
28/4/2017 ,0
29/4/2017 ,0
30/4/2017 ,1
1/5/2017,3
2/5/2017,5
3/5/2017,2
4/5/2017,4
5/5/2017,3
6/5/2017,7
7/5/2017,15
8/5/2017,9
9/5/2017,6
10/5/2017,1
11/5/2017,3
12/5/2017,8
13/5/2017 ,1
14/5/2017 ,7
15/5/2017 ,9
16/5/2017 ,3
17/5/2017 ,2
18/5/2017 ,19
19/5/2017 ,12
20/5/2017 ,6
21/5/2017 ,1
22/5/2017 ,3
23/5/2017 ,5
24/5/2017 ,10
25/5/2017 ,44
26/5/2017 ,63
27/5/2017 ,20
28/5/2017 ,4
29/5/2017 ,19
30/5/2017 ,22
31/5/2017 ,20
1/6/2017,23
2/6/2017,22
3/6/2017,17
4/6/2017,3
5/6/2017,17
6/6/2017,8
7/6/2017,16
8/6/2017,4
9/6/2017,1
10/6/2017,1
11/6/2017,3
12/6/2017,1
13/6/2017 ,3
14/6/2017 ,4
15/6/2017 ,2
16/6/2017 ,8
17/6/2017 ,3
18/6/2017 ,8
19/6/2017 ,14
20/6/2017 ,15
21/6/2017 ,4
22/6/2017 ,6
23/6/2017 ,19
24/6/2017 ,25
25/6/2017 ,17
26/6/2017 ,16
27/6/2017 ,10
28/6/2017 ,3
29/6/2017 ,0
30/6/2017 ,6
1/7/2017,14
2/7/2017,16
3/7/2017,5
4/7/2017,1
5/7/2017,1
6/7/2017,13
7/7/2017,21
8/7/2017,21
9/7/2017,12
10/7/2017,8
11/7/2017,10
12/7/2017,0
13/7/2017 ,1
14/7/2017 ,0
15/7/2017 ,0
16/7/2017 ,2
17/7/2017 ,2
18/7/2017 ,3
19/7/2017 ,8
20/7/2017 ,2
21/7/2017 ,2
22/7/2017 ,8
23/7/2017 ,7
24/7/2017 ,2
25/7/2017 ,1
26/7/2017 ,2
27/7/2017 ,3
28/7/2017 ,10
29/7/2017 ,8
30/7/2017 ,25
31/7/2017 ,53
1/8/2017,14
2/8/2017,15
3/8/2017,23
4/8/2017,8
5/8/2017,35
6/8/2017,26
7/8/2017,38
8/8/2017,34
9/8/2017,13
10/8/2017,19
11/8/2017,8
12/8/2017,1
13/8/2017 ,2
14/8/2017 ,1
15/8/2017 ,1
16/8/2017 ,1
17/8/2017 ,5
18/8/2017 ,28
19/8/2017 ,15
20/8/2017 ,11
21/8/2017 ,11
22/8/2017 ,14
23/8/2017 ,4
24/8/2017 ,13
25/8/2017 ,7
26/8/2017 ,2
27/8/2017 ,4
28/8/2017 ,17
29/8/2017 ,22
30/8/2017 ,8
31/8/2017 ,1
1/9/2017,5
2/9/2017,14
3/9/2017,14
4/9/2017,5
5/9/2017,13
6/9/2017,14
7/9/2017,11
8/9/2017,15
9/9/2017,14
10/9/2017,7
11/9/2017,4
12/9/2017,5
13/9/2017 ,16
14/9/2017 ,1
15/9/2017 ,1
16/9/2017 ,2
17/9/2017 ,12
18/9/2017 ,3
19/9/2017 ,1
20/9/2017 ,6
21/9/2017 ,5
22/9/2017 ,3
23/9/2017 ,1
24/9/2017 ,4
25/9/2017 ,17
26/9/2017 ,11
27/9/2017 ,11
28/9/2017 ,14
29/9/2017 ,1
30/9/2017 ,4
1/10/2017,7
2/10/2017,4
3/10/2017,9
4/10/2017,8
5/10/2017,12
6/10/2017,29
7/10/2017,12
8/10/2017,11
9/10/2017,4
10/10/2017,6
11/10/2017,14
12/10/2017,11
13/10/2017 ,17
14/10/2017 ,18
15/10/2017 ,9
16/10/2017 ,1
17/10/2017 ,4
18/10/2017 ,9
19/10/2017 ,5
20/10/2017 ,20
21/10/2017 ,2
22/10/2017 ,12
23/10/2017 ,2
24/10/2017 ,3
25/10/2017 ,6
26/10/2017 ,5
27/10/2017 ,1
28/10/2017 ,4
29/10/2017 ,17
30/10/2017 ,5
31/10/2017 ,31
1/11/2017,13
2/11/2017,4
3/11/2017,10
4/11/2017,6
5/11/2017,2
6/11/2017,5
7/11/2017,12
8/11/2017,12
9/11/2017,7
10/11/2017,4
11/11/2017,6
12/11/2017,0
13/11/2017 ,2
14/11/2017 ,1
15/11/2017 ,0
16/11/2017 ,0
17/11/2017 ,0
18/11/2017 ,2
19/11/2017 ,3
20/11/2017 ,9
21/11/2017 ,2
22/11/2017 ,4
23/11/2017 ,11
24/11/2017 ,0
25/11/2017 ,5
26/11/2017 ,21
27/11/2017 ,15
28/11/2017 ,9
29/11/2017 ,7
30/11/2017 ,18
1/12/2017,44
2/12/2017,12
3/12/2017,4
4/12/2017,2
5/12/2017,0
6/12/2017,0
7/12/2017,0
8/12/2017,0
9/12/2017,0
10/12/2017,0
11/12/2017,0
12/12/2017,1
13/12/2017 ,15
14/12/2017 ,9
15/12/2017 ,3
16/12/2017 ,1
17/12/2017 ,0
18/12/2017 ,0
19/12/2017 ,1
20/12/2017 ,8
21/12/2017 ,6
22/12/2017 ,2
23/12/2017 ,0
24/12/2017 ,2
25/12/2017 ,0
26/12/2017 ,2
27/12/2017 ,4
28/12/2017 ,0
29/12/2017 ,0
30/12/2017 ,1
31/12/2017 ,0
1/1/2018,0
2/1/2018,0
3/1/2018,0
4/1/2018,0
5/1/2018,0
6/1/2018,0
7/1/2018,0
8/1/2018,0
9/1/2018,0
10/1/2018,3
11/1/2018,3
12/1/2018,4
13/1/2018 ,5
14/1/2018 ,0
15/1/2018 ,0
16/1/2018 ,0
17/1/2018 ,0
18/1/2018 ,0
19/1/2018 ,0
20/1/2018 ,0
21/1/2018 ,0
22/1/2018 ,0
23/1/2018 ,0
24/1/2018 ,0
25/1/2018 ,0
26/1/2018 ,0
27/1/2018 ,0
28/1/2018 ,0
29/1/2018 ,0
30/1/2018 ,1
31/1/2018 ,4
1/2/2018,1
2/2/2018,1
3/2/2018,1
4/2/2018,0
5/2/2018,3
6/2/2018,5
7/2/2018,4
8/2/2018,4
9/2/2018,1
10/2/2018,1
11/2/2018,0
12/2/2018,3
13/2/2018 ,0
14/2/2018 ,1
15/2/2018 ,1
16/2/2018 ,2
17/2/2018 ,0
18/2/2018 ,0
19/2/2018 ,0
20/2/2018 ,0
21/2/2018 ,0
22/2/2018 ,0
23/2/2018 ,0
24/2/2018 ,0
25/2/2018 ,10
26/2/2018 ,7
27/2/2018 ,5
28/2/2018 ,3
1/3/2018,0
2/3/2018,2
3/3/2018,9
4/3/2018,2
5/3/2018,1
6/3/2018,0
7/3/2018,0
8/3/2018,7
9/3/2018,2
10/3/2018,2
11/3/2018,0
12/3/2018,8
13/3/2018 ,2
14/3/2018 ,1
15/3/2018 ,2
16/3/2018 ,4
17/3/2018 ,5
18/3/2018 ,3
19/3/2018 ,3
20/3/2018 ,0
21/3/2018 ,0
22/3/2018 ,1
23/3/2018 ,2
24/3/2018 ,1
25/3/2018 ,0
26/3/2018 ,12
27/3/2018 ,8
28/3/2018 ,9
29/3/2018 ,3
30/3/2018 ,5
31/3/2018 ,1
1/4/2018,5
2/4/2018,3
3/4/2018,3
4/4/2018,1
5/4/2018,4
6/4/2018,6
7/4/2018,5
8/4/2018,7
9/4/2018,5
10/4/2018,2
11/4/2018,12
12/4/2018,2
13/4/2018 ,5
14/4/2018 ,5
15/4/2018 ,6
16/4/2018 ,1
17/4/2018 ,4
18/4/2018 ,9
19/4/2018 ,0
20/4/2018 ,0
21/4/2018 ,0
22/4/2018 ,7
23/4/2018 ,3
24/4/2018 ,6
25/4/2018 ,8
26/4/2018 ,2
27/4/2018 ,5
28/4/2018 ,5
29/4/2018 ,3
30/4/2018 ,4
1/5/2018,2
2/5/2018,6
3/5/2018,6
4/5/2018,4
5/5/2018,20
6/5/2018,2
7/5/2018,13
8/5/2018,4
9/5/2018,7
10/5/2018,5
11/5/2018,5
12/5/2018,12
13/5/2018 ,3
14/5/2018 ,9
15/5/2018 ,11
16/5/2018 ,16
17/5/2018 ,19
18/5/2018 ,17
19/5/2018 ,8
20/5/2018 ,27
21/5/2018 ,32
22/5/2018 ,17
23/5/2018 ,22
24/5/2018 ,18
25/5/2018 ,31
26/5/2018 ,10
27/5/2018 ,21
28/5/2018 ,13
29/5/2018 ,2
30/5/2018 ,1
31/5/2018 ,8
1/6/2018,22
2/6/2018,44
3/6/2018,50
4/6/2018,39
5/6/2018,18
6/6/2018,34
7/6/2018,25
8/6/2018,11
9/6/2018,15
10/6/2018,14
11/6/2018,8
12/6/2018,4
13/6/2018 ,12
14/6/2018 ,19
15/6/2018 ,15
16/6/2018 ,30
17/6/2018 ,16
18/6/2018 ,10
19/6/2018 ,4
20/6/2018 ,5
21/6/2018 ,9
22/6/2018 ,11
23/6/2018 ,9
24/6/2018 ,12
25/6/2018 ,12
26/6/2018 ,7
27/6/2018 ,4
28/6/2018 ,8
29/6/2018 ,11
30/6/2018 ,4
1/7/2018,4
2/7/2018,18
3/7/2018,3
4/7/2018,2
5/7/2018,2
6/7/2018,5
7/7/2018,2
8/7/2018,8
9/7/2018,13
10/7/2018,14
11/7/2018,13
12/7/2018,5
13/7/2018 ,6
14/7/2018 ,7
15/7/2018 ,19
16/7/2018 ,12
17/7/2018 ,14
18/7/2018 ,5
19/7/2018 ,5
20/7/2018 ,0
21/7/2018 ,1
22/7/2018 ,2
23/7/2018 ,1
24/7/2018 ,8
25/7/2018 ,6
26/7/2018 ,11
27/7/2018 ,5
28/7/2018 ,2
29/7/2018 ,3
30/7/2018 ,18
31/7/2018 ,28
1/8/2018,4
2/8/2018,3
3/8/2018,5
4/8/2018,7
5/8/2018,2
6/8/2018,7
7/8/2018,20
8/8/2018,14
9/8/2018,14
10/8/2018,19
11/8/2018,7
12/8/2018,2
13/8/2018 ,10
14/8/2018 ,9
15/8/2018 ,12
16/8/2018 ,8
17/8/2018 ,8
18/8/2018 ,22
19/8/2018 ,6
20/8/2018 ,2
21/8/2018 ,3
22/8/2018 ,1
23/8/2018 ,0
24/8/2018 ,1
25/8/2018 ,1
26/8/2018 ,1
27/8/2018 ,2
28/8/2018 ,1
29/8/2018 ,2
30/8/2018 ,1
31/8/2018 ,5
1/9/2018,6
2/9/2018,1
3/9/2018,1
4/9/2018,0
5/9/2018,0
6/9/2018,0
7/9/2018,1
8/9/2018,0
9/9/2018,0
10/9/2018,1
11/9/2018,0
12/9/2018,0
13/9/2018 ,0
14/9/2018 ,0
15/9/2018 ,0
16/9/2018 ,1
17/9/2018 ,5
18/9/2018 ,3
19/9/2018 ,9
20/9/2018 ,8
21/9/2018 ,10
22/9/2018 ,1
23/9/2018 ,14
24/9/2018 ,12
25/9/2018 ,0
26/9/2018 ,6
27/9/2018 ,8
28/9/2018 ,9
29/9/2018 ,13
30/9/2018 ,12
1/10/2018,12
2/10/2018,8
3/10/2018,3
4/10/2018,2
5/10/2018,12
6/10/2018,9
7/10/2018,8
8/10/2018,13
9/10/2018,15
10/10/2018,2
11/10/2018,3
12/10/2018,4
13/10/2018 ,8
14/10/2018 ,1
15/10/2018 ,4
16/10/2018 ,13
17/10/2018 ,7
18/10/2018 ,2
19/10/2018 ,5
20/10/2018 ,8
21/10/2018 ,2
22/10/2018 ,7
23/10/2018 ,4
24/10/2018 ,10
25/10/2018 ,13
26/10/2018 ,5
27/10/2018 ,2
28/10/2018 ,9
29/10/2018 ,2
30/10/2018 ,0
31/10/2018 ,2
1/11/2018,11
2/11/2018,8
3/11/2018,4
4/11/2018,5
5/11/2018,6
6/11/2018,9
7/11/2018,10
8/11/2018,10
9/11/2018,16
10/11/2018,2
11/11/2018,0
12/11/2018,0
13/11/2018 ,0
14/11/2018 ,0
15/11/2018 ,0
16/11/2018 ,2
17/11/2018 ,5
18/11/2018 ,0
19/11/2018 ,8
20/11/2018 ,3
21/11/2018 ,0
22/11/2018 ,0
23/11/2018 ,13
24/11/2018 ,11
25/11/2018 ,2
26/11/2018 ,1
27/11/2018 ,4
28/11/2018 ,13
29/11/2018 ,2
30/11/2018 ,7
1/12/2018,2
2/12/2018,0
3/12/2018,4
4/12/2018,1
5/12/2018,3
6/12/2018,0
7/12/2018,2
8/12/2018,1
9/12/2018,0
10/12/2018,0
11/12/2018,0
12/12/2018,0
13/12/2018 ,0
14/12/2018 ,0
15/12/2018 ,1
16/12/2018 ,0
17/12/2018 ,0
18/12/2018 ,0
19/12/2018 ,0
20/12/2018 ,1
21/12/2018 ,6
22/12/2018 ,12
23/12/2018 ,6
24/12/2018 ,2
25/12/2018 ,6
26/12/2018 ,4
27/12/2018 ,5
28/12/2018 ,0
29/12/2018 ,0
30/12/2018 ,0
31/12/2018 ,0
1/1/2019,0
2/1/2019,0
3/1/2019,0
4/1/2019,0
5/1/2019,0
6/1/2019,0
7/1/2019,3
8/1/2019,0
9/1/2019,0
10/1/2019,8
11/1/2019,23
12/1/2019,6
13/1/2019 ,8
14/1/2019 ,15
15/1/2019 ,21
16/1/2019 ,7
17/1/2019 ,0
18/1/2019 ,0
19/1/2019 ,0
20/1/2019 ,0
21/1/2019 ,0
22/1/2019 ,0
23/1/2019 ,0
24/1/2019 ,1
25/1/2019 ,1
26/1/2019 ,4
27/1/2019 ,15
28/1/2019 ,0
29/1/2019 ,0
30/1/2019 ,0
31/1/2019 ,0
1/2/2019,1
2/2/2019,3
3/2/2019,11
4/2/2019,19
5/2/2019,15
6/2/2019,6
7/2/2019,11
8/2/2019,22
9/2/2019,15
10/2/2019,6
11/2/2019,3
12/2/2019,0
13/2/2019 ,2
14/2/2019 ,11
15/2/2019 ,12
16/2/2019 ,23
17/2/2019 ,9
18/2/2019 ,1
19/2/2019 ,2
20/2/2019 ,1
21/2/2019 ,0
22/2/2019 ,0
23/2/2019 ,0
24/2/2019 ,0
25/2/2019 ,0
26/2/2019 ,14
27/2/2019 ,3
28/2/2019 ,1
1/3/2019,0
2/3/2019,0
3/3/2019,10
4/3/2019,2
5/3/2019,4
6/3/2019,1
7/3/2019,0
8/3/2019,0
9/3/2019,5
10/3/2019,0
11/3/2019,3
12/3/2019,2
13/3/2019 ,6
14/3/2019 ,2
15/3/2019 ,1
16/3/2019 ,10
17/3/2019 ,19
18/3/2019 ,17
19/3/2019 ,1
20/3/2019 ,4
21/3/2019 ,12
22/3/2019 ,4
23/3/2019 ,12
24/3/2019 ,0
25/3/2019 ,0
26/3/2019 ,1
27/3/2019 ,0
28/3/2019 ,0
29/3/2019 ,0
30/3/2019 ,0
31/3/2019 ,0
1/4/2019,0
2/4/2019,0
3/4/2019,1
4/4/2019,0
5/4/2019,0
6/4/2019,0
7/4/2019,1
8/4/2019,0
9/4/2019,2
10/4/2019,4
11/4/2019,6
12/4/2019,4
13/4/2019 ,10
14/4/2019 ,7
15/4/2019 ,13
16/4/2019 ,17
17/4/2019 ,26
18/4/2019 ,32
19/4/2019 ,35
20/4/2019 ,16
21/4/2019 ,21
22/4/2019 ,15
23/4/2019 ,12
24/4/2019 ,7
25/4/2019 ,22
26/4/2019 ,1
27/4/2019 ,1
28/4/2019 ,16
29/4/2019 ,37
30/4/2019 ,64
1/5/2019,40
2/5/2019,50
3/5/2019,67
4/5/2019,11
5/5/2019,0
6/5/2019,0
7/5/2019,2
8/5/2019,1
9/5/2019,2
10/5/2019,2
11/5/2019,2
12/5/2019,9
13/5/2019 ,25
14/5/2019 ,13
15/5/2019 ,5
16/5/2019 ,20
17/5/2019 ,14
18/5/2019 ,9
19/5/2019 ,11
20/5/2019 ,2
21/5/2019 ,1
22/5/2019 ,1
23/5/2019 ,15
24/5/2019 ,5
25/5/2019 ,4
26/5/2019 ,5
27/5/2019 ,9
28/5/2019 ,10
29/5/2019 ,14
30/5/2019 ,16
31/5/2019 ,4
1/6/2019,5
2/6/2019,5
3/6/2019,33
4/6/2019,59
5/6/2019,75
6/6/2019,49
7/6/2019,104
8/6/2019,68
9/6/2019,88
10/6/2019,59
11/6/2019,20
12/6/2019,36
13/6/2019 ,63
14/6/2019 ,29
15/6/2019 ,17
16/6/2019 ,13
17/6/2019 ,3
18/6/2019 ,7
19/6/2019 ,6
20/6/2019 ,11
21/6/2019 ,9
22/6/2019 ,14
23/6/2019 ,37
24/6/2019 ,34
25/6/2019 ,43
26/6/2019 ,6
27/6/2019 ,4
28/6/2019 ,3
29/6/2019 ,3
30/6/2019 ,2
1/7/2019,2
2/7/2019,3
3/7/2019,6
4/7/2019,3
5/7/2019,7
6/7/2019,2
7/7/2019,2
8/7/2019,2
9/7/2019,24
10/7/2019,17
11/7/2019,30
12/7/2019,6
13/7/2019 ,9
14/7/2019 ,9
15/7/2019 ,36
16/7/2019 ,31
17/7/2019 ,35
18/7/2019 ,89
19/7/2019 ,34
20/7/2019 ,15
21/7/2019 ,42
22/7/2019 ,37
23/7/2019 ,8
24/7/2019 ,2
25/7/2019 ,20
26/7/2019 ,13
27/7/2019 ,1
28/7/2019 ,1
29/7/2019 ,1
30/7/2019 ,1
31/7/2019 ,3
1/8/2019,12
2/8/2019,5
3/8/2019,3
4/8/2019,3
5/8/2019,18
6/8/2019,19
7/8/2019,46
8/8/2019,94
9/8/2019,9
10/8/2019,24
11/8/2019,51
12/8/2019,68
13/8/2019 ,74
14/8/2019 ,26
15/8/2019 ,7
16/8/2019 ,21
17/8/2019 ,32
18/8/2019 ,8
19/8/2019 ,7
20/8/2019 ,26
21/8/2019 ,49
22/8/2019 ,40
23/8/2019 ,32
24/8/2019 ,24
25/8/2019 ,54
26/8/2019 ,23
27/8/2019 ,9
28/8/2019 ,30
29/8/2019 ,69
30/8/2019 ,35
31/8/2019 ,39
1/9/2019,28
2/9/2019,10
3/9/2019,9
4/9/2019,11
5/9/2019,10
6/9/2019,27
7/9/2019,16
8/9/2019,1
9/9/2019,5
10/9/2019,14
11/9/2019,15
12/9/2019,40
13/9/2019 ,6
14/9/2019 ,6
15/9/2019 ,23
16/9/2019 ,27
17/9/2019 ,37
18/9/2019 ,22
19/9/2019 ,28
20/9/2019 ,11
21/9/2019 ,14
22/9/2019 ,58
23/9/2019 ,39
24/9/2019 ,56
25/9/2019 ,63
26/9/2019 ,10
27/9/2019 ,17
28/9/2019 ,16
29/9/2019 ,7
30/9/2019 ,43
1/10/2019,9
2/10/2019,3
3/10/2019,27
4/10/2019,16
5/10/2019,16
6/10/2019,8
7/10/2019,8
8/10/2019,13
9/10/2019,24
10/10/2019,7
11/10/2019,9
12/10/2019,10
13/10/2019 ,17
14/10/2019 ,13
15/10/2019 ,37
16/10/2019 ,24
17/10/2019 ,25
18/10/2019 ,16
19/10/2019 ,31
20/10/2019 ,41
21/10/2019 ,62
22/10/2019 ,17
23/10/2019 ,16
24/10/2019 ,47
25/10/2019 ,9
26/10/2019 ,12
27/10/2019 ,7
28/10/2019 ,14
29/10/2019 ,22
30/10/2019 ,4
31/10/2019 ,20
1/11/2019,1
2/11/2019,5
3/11/2019,30
4/11/2019,5
5/11/2019,4
6/11/2019,0
7/11/2019,0
8/11/2019,5
9/11/2019,6
10/11/2019,33
11/11/2019,6
12/11/2019,12
13/11/2019 ,3
14/11/2019 ,10
15/11/2019 ,35
16/11/2019 ,18
17/11/2019 ,9
18/11/2019 ,10
19/11/2019 ,23
20/11/2019 ,2
21/11/2019 ,1
22/11/2019 ,28
23/11/2019 ,4
24/11/2019 ,3
25/11/2019 ,14
26/11/2019 ,15
27/11/2019 ,1
28/11/2019 ,16
29/11/2019 ,12
30/11/2019 ,100
1/12/2019,127
2/12/2019,11
3/12/2019,20
4/12/2019,19
5/12/2019,23
6/12/2019,12
7/12/2019,25
8/12/2019,10
9/12/2019,7
10/12/2019,13
11/12/2019,27
12/12/2019,9
13/12/2019 ,11
14/12/2019 ,1
15/12/2019 ,2
16/12/2019 ,0
17/12/2019 ,6
18/12/2019 ,5
19/12/2019 ,8
20/12/2019 ,73
21/12/2019 ,64
22/12/2019 ,22
23/12/2019 ,33
24/12/2019 ,9
25/12/2019 ,3
26/12/2019 ,2
27/12/2019 ,0
28/12/2019 ,0
29/12/2019 ,0
30/12/2019 ,0
31/12/2019 ,3
