Date,Temp C
1/1/2009,31
2/1/2009,32
3/1/2009,31
4/1/2009,32
5/1/2009,31
6/1/2009,31
7/1/2009,32
8/1/2009,32
9/1/2009,28
10/1/2009,27
11/1/2009,31
12/1/2009,31
13/1/2009 ,30
14/1/2009 ,30
15/1/2009 ,32
16/1/2009 ,32
17/1/2009 ,31
18/1/2009 ,31
19/1/2009 ,31
20/1/2009 ,30
21/1/2009 ,30
22/1/2009 ,31
23/1/2009 ,31
24/1/2009 ,32
25/1/2009 ,30
26/1/2009 ,33
27/1/2009 ,31
28/1/2009 ,30
29/1/2009 ,32
30/1/2009 ,32
31/1/2009 ,31
1/2/2009,31
2/2/2009,32
3/2/2009,33
4/2/2009,32
5/2/2009,32
6/2/2009,32
7/2/2009,32
8/2/2009,30
9/2/2009,32
10/2/2009,31
11/2/2009,32
12/2/2009,31
13/2/2009 ,32
14/2/2009 ,32
15/2/2009 ,32
16/2/2009 ,31
17/2/2009 ,33
18/2/2009 ,33
19/2/2009 ,31
20/2/2009 ,33
21/2/2009 ,35
22/2/2009 ,34
23/2/2009 ,33
24/2/2009 ,32
25/2/2009 ,31
26/2/2009 ,31
27/2/2009 ,31
28/2/2009 ,32
1/3/2009,32
2/3/2009,33
3/3/2009,32
4/3/2009,32
5/3/2009,32
6/3/2009,32
7/3/2009,32
8/3/2009,31
9/3/2009,29
10/3/2009,30
11/3/2009,33
12/3/2009,31
13/3/2009 ,31
14/3/2009 ,30
15/3/2009 ,32
16/3/2009 ,32
17/3/2009 ,31
18/3/2009 ,33
19/3/2009 ,32
20/3/2009 ,31
21/3/2009 ,32
22/3/2009 ,33
23/3/2009 ,32
24/3/2009 ,28
25/3/2009 ,33
26/3/2009 ,31
27/3/2009 ,29
28/3/2009 ,31
29/3/2009 ,32
30/3/2009 ,31
31/3/2009 ,31
1/4/2009,33
2/4/2009,32
3/4/2009,32
4/4/2009,32
5/4/2009,33
6/4/2009,32
7/4/2009,33
8/4/2009,31
9/4/2009,33
10/4/2009,31
11/4/2009,32
12/4/2009,29
13/4/2009 ,30
14/4/2009 ,31
15/4/2009 ,31
16/4/2009 ,31
17/4/2009 ,31
18/4/2009 ,31
19/4/2009 ,31
20/4/2009 ,31
21/4/2009 ,31
22/4/2009 ,29
23/4/2009 ,31
24/4/2009 ,31
25/4/2009 ,31
26/4/2009 ,31
27/4/2009 ,32
28/4/2009 ,31
29/4/2009 ,31
30/4/2009 ,30
1/5/2009,30
2/5/2009,31
3/5/2009,31
4/5/2009,30
5/5/2009,30
6/5/2009,29
7/5/2009,31
8/5/2009,31
9/5/2009,30
10/5/2009,30
11/5/2009,31
12/5/2009,30
13/5/2009 ,30
14/5/2009 ,30
15/5/2009 ,31
16/5/2009 ,30
17/5/2009 ,30
18/5/2009 ,29
19/5/2009 ,29
20/5/2009 ,27
21/5/2009 ,28
22/5/2009 ,27
23/5/2009 ,26
24/5/2009 ,27
25/5/2009 ,27
26/5/2009 ,28
27/5/2009 ,28
28/5/2009 ,29
29/5/2009 ,29
30/5/2009 ,27
31/5/2009 ,27
1/6/2009,27
2/6/2009,29
3/6/2009,28
4/6/2009,27
5/6/2009,27
6/6/2009,28
7/6/2009,27
8/6/2009,28
9/6/2009,27
10/6/2009,27
11/6/2009,27
12/6/2009,27
13/6/2009 ,27
14/6/2009 ,28
15/6/2009 ,27
16/6/2009 ,27
17/6/2009 ,27
18/6/2009 ,26
19/6/2009 ,27
20/6/2009 ,28
21/6/2009 ,28
22/6/2009 ,27
23/6/2009 ,27
24/6/2009 ,27
25/6/2009 ,27
26/6/2009 ,27
27/6/2009 ,26
28/6/2009 ,26
29/6/2009 ,26
30/6/2009 ,26
1/7/2009,27
2/7/2009,27
3/7/2009,28
4/7/2009,27
5/7/2009,27
6/7/2009,27
7/7/2009,27
8/7/2009,28
9/7/2009,28
10/7/2009,28
11/7/2009,28
12/7/2009,29
13/7/2009 ,28
14/7/2009 ,27
15/7/2009 ,27
16/7/2009 ,27
17/7/2009 ,26
18/7/2009 ,28
19/7/2009 ,27
20/7/2009 ,27
21/7/2009 ,27
22/7/2009 ,26
23/7/2009 ,27
24/7/2009 ,28
25/7/2009 ,29
26/7/2009 ,28
27/7/2009 ,28
28/7/2009 ,27
29/7/2009 ,28
30/7/2009 ,28
31/7/2009 ,26
1/8/2009,27
2/8/2009,27
3/8/2009,27
4/8/2009,26
5/8/2009,28
6/8/2009,26
7/8/2009,26
8/8/2009,27
9/8/2009,28
10/8/2009,29
11/8/2009,28
12/8/2009,28
13/8/2009 ,27
14/8/2009 ,27
15/8/2009 ,27
16/8/2009 ,27
17/8/2009 ,25
18/8/2009 ,28
19/8/2009 ,28
20/8/2009 ,26
21/8/2009 ,27
22/8/2009 ,28
23/8/2009 ,26
24/8/2009 ,27
25/8/2009 ,27
26/8/2009 ,28
27/8/2009 ,27
28/8/2009 ,27
29/8/2009 ,27
30/8/2009 ,27
31/8/2009 ,27
1/9/2009,26
2/9/2009,25
3/9/2009,26
4/9/2009,26
5/9/2009,26
6/9/2009,27
7/9/2009,26
8/9/2009,26
9/9/2009,27
10/9/2009,28
11/9/2009,29
12/9/2009,29
13/9/2009 ,28
14/9/2009 ,28
15/9/2009 ,29
16/9/2009 ,28
17/9/2009 ,28
18/9/2009 ,27
19/9/2009 ,28
20/9/2009 ,28
21/9/2009 ,27
22/9/2009 ,27
23/9/2009 ,28
24/9/2009 ,28
25/9/2009 ,28
26/9/2009 ,29
27/9/2009 ,29
28/9/2009 ,28
29/9/2009 ,25
30/9/2009 ,27
1/10/2009,26
2/10/2009,25
3/10/2009,27
4/10/2009,28
5/10/2009,29
6/10/2009,29
7/10/2009,29
8/10/2009,29
9/10/2009,29
10/10/2009,30
11/10/2009,30
12/10/2009,29
13/10/2009 ,30
14/10/2009 ,31
15/10/2009 ,31
16/10/2009 ,32
17/10/2009 ,30
18/10/2009 ,29
19/10/2009 ,31
20/10/2009 ,32
21/10/2009 ,31
22/10/2009 ,32
23/10/2009 ,32
24/10/2009 ,32
25/10/2009 ,32
26/10/2009 ,32
27/10/2009 ,29
28/10/2009 ,31
29/10/2009 ,30
30/10/2009 ,30
31/10/2009 ,31
1/11/2009,26
2/11/2009,31
3/11/2009,31
4/11/2009,29
5/11/2009,31
6/11/2009,29
7/11/2009,28
8/11/2009,29
9/11/2009,29
10/11/2009,29
11/11/2009,30
12/11/2009,29
13/11/2009 ,28
14/11/2009 ,31
15/11/2009 ,27
16/11/2009 ,28
17/11/2009 ,27
18/11/2009 ,26
19/11/2009 ,29
20/11/2009 ,29
21/11/2009 ,28
22/11/2009 ,27
23/11/2009 ,29
24/11/2009 ,31
25/11/2009 ,30
26/11/2009 ,30
27/11/2009 ,30
28/11/2009 ,30
29/11/2009 ,30
30/11/2009 ,30
1/12/2009,29
2/12/2009,29
3/12/2009,29
4/12/2009,29
5/12/2009,30
6/12/2009,29
7/12/2009,30
8/12/2009,30
9/12/2009,30
10/12/2009,29
11/12/2009,29
12/12/2009,30
13/12/2009 ,29
14/12/2009 ,27
15/12/2009 ,27
16/12/2009 ,29
17/12/2009 ,30
18/12/2009 ,30
19/12/2009 ,31
20/12/2009 ,31
21/12/2009 ,30
22/12/2009 ,26
23/12/2009 ,28
24/12/2009 ,29
25/12/2009 ,29
26/12/2009 ,30
27/12/2009 ,26
28/12/2009 ,29
29/12/2009 ,30
30/12/2009 ,30
31/12/2009 ,30
1/1/2010,30
2/1/2010,30
3/1/2010,29
4/1/2010,29
5/1/2010,29
6/1/2010,30
7/1/2010,30
8/1/2010,27
9/1/2010,32
10/1/2010,31
11/1/2010,29
12/1/2010,31
13/1/2010 ,32
14/1/2010 ,31
15/1/2010 ,31
16/1/2010 ,31
17/1/2010 ,30
18/1/2010 ,30
19/1/2010 ,31
20/1/2010 ,32
21/1/2010 ,31
22/1/2010 ,31
23/1/2010 ,31
24/1/2010 ,30
25/1/2010 ,31
26/1/2010 ,32
27/1/2010 ,31
28/1/2010 ,32
29/1/2010 ,32
30/1/2010 ,30
31/1/2010 ,29
1/2/2010,31
2/2/2010,32
3/2/2010,31
4/2/2010,32
5/2/2010,31
6/2/2010,32
7/2/2010,32
8/2/2010,32
9/2/2010,31
10/2/2010,31
11/2/2010,29
12/2/2010,34
13/2/2010 ,31
14/2/2010 ,33
15/2/2010 ,32
16/2/2010 ,31
17/2/2010 ,33
18/2/2010 ,32
19/2/2010 ,32
20/2/2010 ,32
21/2/2010 ,33
22/2/2010 ,35
23/2/2010 ,33
24/2/2010 ,32
25/2/2010 ,32
26/2/2010 ,32
27/2/2010 ,34
28/2/2010 ,34
1/3/2010,34
2/3/2010,33
3/3/2010,32
4/3/2010,32
5/3/2010,32
6/3/2010,32
7/3/2010,32
8/3/2010,32
9/3/2010,34
10/3/2010,35
11/3/2010,37
12/3/2010,36
13/3/2010 ,33
14/3/2010 ,34
15/3/2010 ,34
16/3/2010 ,33
17/3/2010 ,33
18/3/2010 ,34
19/3/2010 ,34
20/3/2010 ,34
21/3/2010 ,34
22/3/2010 ,32
23/3/2010 ,32
24/3/2010 ,28
25/3/2010 ,33
26/3/2010 ,33
27/3/2010 ,29
28/3/2010 ,33
29/3/2010 ,31
30/3/2010 ,32
31/3/2010 ,29
1/4/2010,31
2/4/2010,32
3/4/2010,32
4/4/2010,33
5/4/2010,33
6/4/2010,33
7/4/2010,33
8/4/2010,33
9/4/2010,33
10/4/2010,32
11/4/2010,29
12/4/2010,27
13/4/2010 ,30
14/4/2010 ,31
15/4/2010 ,32
16/4/2010 ,30
17/4/2010 ,30
18/4/2010 ,31
19/4/2010 ,29
20/4/2010 ,31
21/4/2010 ,29
22/4/2010 ,29
23/4/2010 ,29
24/4/2010 ,29
25/4/2010 ,31
26/4/2010 ,30
27/4/2010 ,31
28/4/2010 ,32
29/4/2010 ,30
30/4/2010 ,31
1/5/2010,31
2/5/2010,32
3/5/2010,30
4/5/2010,29
5/5/2010,29
6/5/2010,30
7/5/2010,30
8/5/2010,29
9/5/2010,29
10/5/2010,31
11/5/2010,30
12/5/2010,30
13/5/2010 ,30
14/5/2010 ,28
15/5/2010 ,29
16/5/2010 ,28
17/5/2010 ,28
18/5/2010 ,27
19/5/2010 ,28
20/5/2010 ,27
21/5/2010 ,28
22/5/2010 ,27
23/5/2010 ,27
24/5/2010 ,27
25/5/2010 ,29
26/5/2010 ,29
27/5/2010 ,29
28/5/2010 ,28
29/5/2010 ,29
30/5/2010 ,28
31/5/2010 ,29
1/6/2010,30
2/6/2010,28
3/6/2010,29
4/6/2010,28
5/6/2010,28
6/6/2010,28
7/6/2010,27
8/6/2010,26
9/6/2010,28
10/6/2010,27
11/6/2010,27
12/6/2010,27
13/6/2010 ,27
14/6/2010 ,28
15/6/2010 ,30
16/6/2010 ,29
17/6/2010 ,29
18/6/2010 ,28
19/6/2010 ,29
20/6/2010 ,28
21/6/2010 ,28
22/6/2010 ,27
23/6/2010 ,28
24/6/2010 ,28
25/6/2010 ,28
26/6/2010 ,29
27/6/2010 ,29
28/6/2010 ,27
29/6/2010 ,28
30/6/2010 ,27
1/7/2010,26
2/7/2010,28
3/7/2010,28
4/7/2010,27
5/7/2010,27
6/7/2010,27
7/7/2010,31
8/7/2010,29
9/7/2010,31
10/7/2010,30
11/7/2010,30
12/7/2010,29
13/7/2010 ,27
14/7/2010 ,27
15/7/2010 ,26
16/7/2010 ,26
17/7/2010 ,28
18/7/2010 ,27
19/7/2010 ,26
20/7/2010 ,27
21/7/2010 ,28
22/7/2010 ,27
23/7/2010 ,27
24/7/2010 ,27
25/7/2010 ,27
26/7/2010 ,29
27/7/2010 ,28
28/7/2010 ,27
29/7/2010 ,28
30/7/2010 ,27
31/7/2010 ,29
1/8/2010,29
2/8/2010,29
3/8/2010,28
4/8/2010,28
5/8/2010,28
6/8/2010,29
7/8/2010,29
8/8/2010,29
9/8/2010,30
10/8/2010,29
11/8/2010,30
12/8/2010,28
13/8/2010 ,29
14/8/2010 ,29
15/8/2010 ,28
16/8/2010 ,28
17/8/2010 ,28
18/8/2010 ,28
19/8/2010 ,28
20/8/2010 ,29
21/8/2010 ,27
22/8/2010 ,29
23/8/2010 ,29
24/8/2010 ,27
25/8/2010 ,27
26/8/2010 ,28
27/8/2010 ,29
28/8/2010 ,29
29/8/2010 ,29
30/8/2010 ,28
31/8/2010 ,29
1/9/2010,29
2/9/2010,29
3/9/2010,29
4/9/2010,28
5/9/2010,29
6/9/2010,29
7/9/2010,29
8/9/2010,29
9/9/2010,30
10/9/2010,30
11/9/2010,30
12/9/2010,30
13/9/2010 ,28
14/9/2010 ,29
15/9/2010 ,29
16/9/2010 ,30
17/9/2010 ,29
18/9/2010 ,28
19/9/2010 ,29
20/9/2010 ,29
21/9/2010 ,28
22/9/2010 ,30
23/9/2010 ,29
24/9/2010 ,29
25/9/2010 ,30
26/9/2010 ,30
27/9/2010 ,31
28/9/2010 ,30
29/9/2010 ,29
30/9/2010 ,31
1/10/2010,30
2/10/2010,29
3/10/2010,29
4/10/2010,29
5/10/2010,28
6/10/2010,28
7/10/2010,27
8/10/2010,28
9/10/2010,27
10/10/2010,28
11/10/2010,28
12/10/2010,29
13/10/2010 ,29
14/10/2010 ,29
15/10/2010 ,29
16/10/2010 ,29
17/10/2010 ,29
18/10/2010 ,29
19/10/2010 ,29
20/10/2010 ,29
21/10/2010 ,29
22/10/2010 ,29
23/10/2010 ,29
24/10/2010 ,29
25/10/2010 ,30
26/10/2010 ,30
27/10/2010 ,30
28/10/2010 ,29
29/10/2010 ,31
30/10/2010 ,30
31/10/2010 ,30
1/11/2010,29
2/11/2010,30
3/11/2010,30
4/11/2010,30
5/11/2010,30
6/11/2010,29
7/11/2010,27
8/11/2010,30
9/11/2010,30
10/11/2010,30
11/11/2010,30
12/11/2010,30
13/11/2010 ,31
14/11/2010 ,31
15/11/2010 ,32
16/11/2010 ,31
17/11/2010 ,31
18/11/2010 ,31
19/11/2010 ,32
20/11/2010 ,31
21/11/2010 ,30
22/11/2010 ,31
23/11/2010 ,31
24/11/2010 ,31
25/11/2010 ,31
26/11/2010 ,30
27/11/2010 ,29
28/11/2010 ,31
29/11/2010 ,31
30/11/2010 ,31
1/12/2010,29
2/12/2010,31
3/12/2010,29
4/12/2010,26
5/12/2010,26
6/12/2010,30
7/12/2010,29
8/12/2010,29
9/12/2010,28
10/12/2010,28
11/12/2010,29
12/12/2010,29
13/12/2010 ,29
14/12/2010 ,29
15/12/2010 ,29
16/12/2010 ,30
17/12/2010 ,30
18/12/2010 ,31
19/12/2010 ,31
20/12/2010 ,31
21/12/2010 ,31
22/12/2010 ,29
23/12/2010 ,30
24/12/2010 ,28
25/12/2010 ,28
26/12/2010 ,30
27/12/2010 ,30
28/12/2010 ,28
29/12/2010 ,32
30/12/2010 ,30
31/12/2010 ,30
1/1/2011,30
2/1/2011,31
3/1/2011,31
4/1/2011,30
5/1/2011,29
6/1/2011,30
7/1/2011,30
8/1/2011,30
9/1/2011,29
10/1/2011,29
11/1/2011,29
12/1/2011,27
13/1/2011 ,27
14/1/2011 ,29
15/1/2011 ,31
16/1/2011 ,30
17/1/2011 ,31
18/1/2011 ,30
19/1/2011 ,30
20/1/2011 ,31
21/1/2011 ,31
22/1/2011 ,31
23/1/2011 ,31
24/1/2011 ,32
25/1/2011 ,31
26/1/2011 ,30
27/1/2011 ,31
28/1/2011 ,30
29/1/2011 ,31
30/1/2011 ,31
31/1/2011 ,31
1/2/2011,30
2/2/2011,24
3/2/2011,27
4/2/2011,27
5/2/2011,30
6/2/2011,30
7/2/2011,27
8/2/2011,30
9/2/2011,31
10/2/2011,30
11/2/2011,31
12/2/2011,31
13/2/2011 ,32
14/2/2011 ,31
15/2/2011 ,31
16/2/2011 ,30
17/2/2011 ,32
18/2/2011 ,31
19/2/2011 ,30
20/2/2011 ,31
21/2/2011 ,30
22/2/2011 ,31
23/2/2011 ,31
24/2/2011 ,33
25/2/2011 ,31
26/2/2011 ,31
27/2/2011 ,31
28/2/2011 ,31
1/3/2011,32
2/3/2011,32
3/3/2011,31
4/3/2011,31
5/3/2011,31
6/3/2011,31
7/3/2011,31
8/3/2011,32
9/3/2011,31
10/3/2011,31
11/3/2011,31
12/3/2011,31
13/3/2011 ,32
14/3/2011 ,32
15/3/2011 ,32
16/3/2011 ,33
17/3/2011 ,34
18/3/2011 ,33
19/3/2011 ,32
20/3/2011 ,32
21/3/2011 ,32
22/3/2011 ,31
23/3/2011 ,31
24/3/2011 ,31
25/3/2011 ,32
26/3/2011 ,31
27/3/2011 ,33
28/3/2011 ,31
29/3/2011 ,32
30/3/2011 ,33
31/3/2011 ,32
1/4/2011,32
2/4/2011,32
3/4/2011,32
4/4/2011,32
5/4/2011,32
6/4/2011,32
7/4/2011,32
8/4/2011,31
9/4/2011,31
10/4/2011,32
11/4/2011,31
12/4/2011,29
13/4/2011 ,32
14/4/2011 ,32
15/4/2011 ,32
16/4/2011 ,32
17/4/2011 ,32
18/4/2011 ,32
19/4/2011 ,31
20/4/2011 ,31
21/4/2011 ,32
22/4/2011 ,30
23/4/2011 ,31
24/4/2011 ,30
25/4/2011 ,31
26/4/2011 ,31
27/4/2011 ,33
28/4/2011 ,29
29/4/2011 ,31
30/4/2011 ,31
1/5/2011,30
2/5/2011,29
3/5/2011,30
4/5/2011,31
5/5/2011,31
6/5/2011,31
7/5/2011,31
8/5/2011,31
9/5/2011,31
10/5/2011,31
11/5/2011,31
12/5/2011,31
13/5/2011 ,31
14/5/2011 ,32
15/5/2011 ,31
16/5/2011 ,32
17/5/2011 ,31
18/5/2011 ,32
19/5/2011 ,32
20/5/2011 ,32
21/5/2011 ,31
22/5/2011 ,32
23/5/2011 ,32
24/5/2011 ,32
25/5/2011 ,32
26/5/2011 ,32
27/5/2011 ,30
28/5/2011 ,30
29/5/2011 ,30
30/5/2011 ,29
31/5/2011 ,30
1/6/2011,30
2/6/2011,30
3/6/2011,30
4/6/2011,30
5/6/2011,30
6/6/2011,30
7/6/2011,30
8/6/2011,31
9/6/2011,31
10/6/2011,30
11/6/2011,31
12/6/2011,31
13/6/2011 ,31
14/6/2011 ,30
15/6/2011 ,30
16/6/2011 ,31
17/6/2011 ,30
18/6/2011 ,31
19/6/2011 ,31
20/6/2011 ,31
21/6/2011 ,31
22/6/2011 ,31
23/6/2011 ,31
24/6/2011 ,30
25/6/2011 ,30
26/6/2011 ,30
27/6/2011 ,29
28/6/2011 ,30
29/6/2011 ,30
30/6/2011 ,30
1/7/2011,30
2/7/2011,31
3/7/2011,30
4/7/2011,30
5/7/2011,30
6/7/2011,28
7/7/2011,31
8/7/2011,31
9/7/2011,30
10/7/2011,30
11/7/2011,30
12/7/2011,28
13/7/2011 ,29
14/7/2011 ,29
15/7/2011 ,29
16/7/2011 ,29
17/7/2011 ,30
18/7/2011 ,30
19/7/2011 ,30
20/7/2011 ,30
21/7/2011 ,30
22/7/2011 ,29
23/7/2011 ,29
24/7/2011 ,29
25/7/2011 ,28
26/7/2011 ,29
27/7/2011 ,30
28/7/2011 ,29
29/7/2011 ,29
30/7/2011 ,29
31/7/2011 ,29
1/8/2011,29
2/8/2011,30
3/8/2011,30
4/8/2011,30
5/8/2011,30
6/8/2011,30
7/8/2011,30
8/8/2011,29
9/8/2011,30
10/8/2011,30
11/8/2011,30
12/8/2011,30
13/8/2011 ,30
14/8/2011 ,30
15/8/2011 ,30
16/8/2011 ,30
17/8/2011 ,27
18/8/2011 ,29
19/8/2011 ,30
20/8/2011 ,30
21/8/2011 ,30
22/8/2011 ,30
23/8/2011 ,31
24/8/2011 ,29
25/8/2011 ,30
26/8/2011 ,30
27/8/2011 ,30
28/8/2011 ,30
29/8/2011 ,30
30/8/2011 ,29
31/8/2011 ,30
1/9/2011,31
2/9/2011,30
3/9/2011,30
4/9/2011,31
5/9/2011,31
6/9/2011,30
7/9/2011,31
8/9/2011,30
9/9/2011,31
10/9/2011,29
11/9/2011,30
12/9/2011,28
13/9/2011 ,28
14/9/2011 ,29
15/9/2011 ,29
16/9/2011 ,29
17/9/2011 ,30
18/9/2011 ,30
19/9/2011 ,30
20/9/2011 ,30
21/9/2011 ,29
22/9/2011 ,30
23/9/2011 ,30
24/9/2011 ,30
25/9/2011 ,30
26/9/2011 ,31
27/9/2011 ,31
28/9/2011 ,30
29/9/2011 ,30
30/9/2011 ,31
1/10/2011,31
2/10/2011,31
3/10/2011,31
4/10/2011,31
5/10/2011,31
6/10/2011,31
7/10/2011,31
8/10/2011,31
9/10/2011,31
10/10/2011,30
11/10/2011,30
12/10/2011,30
13/10/2011 ,31
14/10/2011 ,31
15/10/2011 ,31
16/10/2011 ,31
17/10/2011 ,31
18/10/2011 ,32
19/10/2011 ,31
20/10/2011 ,31
21/10/2011 ,31
22/10/2011 ,31
23/10/2011 ,31
24/10/2011 ,31
25/10/2011 ,31
26/10/2011 ,32
27/10/2011 ,31
28/10/2011 ,33
29/10/2011 ,31
30/10/2011 ,32
31/10/2011 ,31
1/11/2011,29
2/11/2011,30
3/11/2011,30
4/11/2011,31
5/11/2011,31
6/11/2011,31
7/11/2011,31
8/11/2011,32
9/11/2011,32
10/11/2011,32
11/11/2011,31
12/11/2011,31
13/11/2011 ,31
14/11/2011 ,31
15/11/2011 ,32
16/11/2011 ,31
17/11/2011 ,31
18/11/2011 ,31
19/11/2011 ,31
20/11/2011 ,32
21/11/2011 ,32
22/11/2011 ,31
23/11/2011 ,32
24/11/2011 ,32
25/11/2011 ,29
26/11/2011 ,29
27/11/2011 ,31
28/11/2011 ,28
29/11/2011 ,30
30/11/2011 ,31
1/12/2011,31
2/12/2011,30
3/12/2011,31
4/12/2011,31
5/12/2011,31
6/12/2011,32
7/12/2011,31
8/12/2011,31
9/12/2011,31
10/12/2011,31
11/12/2011,31
12/12/2011,31
13/12/2011 ,31
14/12/2011 ,31
15/12/2011 ,32
16/12/2011 ,31
17/12/2011 ,32
18/12/2011 ,31
19/12/2011 ,31
20/12/2011 ,27
21/12/2011 ,30
22/12/2011 ,30
23/12/2011 ,28
24/12/2011 ,30
25/12/2011 ,30
26/12/2011 ,28
27/12/2011 ,29
28/12/2011 ,29
29/12/2011 ,29
30/12/2011 ,29
31/12/2011 ,30
1/1/2012,30
2/1/2012,31
3/1/2012,31
4/1/2012,31
5/1/2012,31
6/1/2012,31
7/1/2012,30
8/1/2012,30
9/1/2012,30
10/1/2012,30
11/1/2012,30
12/1/2012,31
13/1/2012 ,32
14/1/2012 ,32
15/1/2012 ,30
16/1/2012 ,30
17/1/2012 ,30
18/1/2012 ,29
19/1/2012 ,29
20/1/2012 ,29
21/1/2012 ,30
22/1/2012 ,30
23/1/2012 ,31
24/1/2012 ,30
25/1/2012 ,30
26/1/2012 ,31
27/1/2012 ,31
28/1/2012 ,31
29/1/2012 ,31
30/1/2012 ,31
31/1/2012 ,31
1/2/2012,32
2/2/2012,32
3/2/2012,32
4/2/2012,32
5/2/2012,31
6/2/2012,31
7/2/2012,31
8/2/2012,30
9/2/2012,31
10/2/2012,31
11/2/2012,32
12/2/2012,32
13/2/2012 ,32
14/2/2012 ,31
15/2/2012 ,29
16/2/2012 ,31
17/2/2012 ,30
18/2/2012 ,32
19/2/2012 ,32
20/2/2012 ,32
21/2/2012 ,32
22/2/2012 ,32
23/2/2012 ,31
24/2/2012 ,31
25/2/2012 ,33
26/2/2012 ,31
27/2/2012 ,31
28/2/2012 ,31
29/2/2012 ,31
1/3/2012,32
2/3/2012,32
3/3/2012,31
4/3/2012,31
5/3/2012,31
6/3/2012,30
7/3/2012,30
8/3/2012,30
9/3/2012,31
10/3/2012,32
11/3/2012,30
12/3/2012,31
13/3/2012 ,32
14/3/2012 ,32
15/3/2012 ,31
16/3/2012 ,31
17/3/2012 ,31
18/3/2012 ,31
19/3/2012 ,31
20/3/2012 ,31
21/3/2012 ,31
22/3/2012 ,31
23/3/2012 ,31
24/3/2012 ,32
25/3/2012 ,32
26/3/2012 ,31
27/3/2012 ,32
28/3/2012 ,32
29/3/2012 ,32
30/3/2012 ,31
31/3/2012 ,32
1/4/2012,32
2/4/2012,32
3/4/2012,32
4/4/2012,32
5/4/2012,32
6/4/2012,32
7/4/2012,32
8/4/2012,32
9/4/2012,31
10/4/2012,31
11/4/2012,32
12/4/2012,32
13/4/2012 ,32
14/4/2012 ,33
15/4/2012 ,32
16/4/2012 ,32
17/4/2012 ,29
18/4/2012 ,31
19/4/2012 ,32
20/4/2012 ,31
21/4/2012 ,32
22/4/2012 ,32
23/4/2012 ,31
24/4/2012 ,29
25/4/2012 ,31
26/4/2012 ,32
27/4/2012 ,32
28/4/2012 ,32
29/4/2012 ,32
30/4/2012 ,31
1/5/2012,31
2/5/2012,31
3/5/2012,31
4/5/2012,31
5/5/2012,31
6/5/2012,31
7/5/2012,32
8/5/2012,32
9/5/2012,32
10/5/2012,31
11/5/2012,32
12/5/2012,32
13/5/2012 ,32
14/5/2012 ,32
15/5/2012 ,31
16/5/2012 ,31
17/5/2012 ,31
18/5/2012 ,32
19/5/2012 ,32
20/5/2012 ,32
21/5/2012 ,32
22/5/2012 ,32
23/5/2012 ,32
24/5/2012 ,31
25/5/2012 ,31
26/5/2012 ,30
27/5/2012 ,30
28/5/2012 ,31
29/5/2012 ,31
30/5/2012 ,31
31/5/2012 ,31
1/6/2012,31
2/6/2012,32
3/6/2012,31
4/6/2012,30
5/6/2012,31
6/6/2012,30
7/6/2012,31
8/6/2012,30
9/6/2012,30
10/6/2012,30
11/6/2012,30
12/6/2012,30
13/6/2012 ,30
14/6/2012 ,30
15/6/2012 ,31
16/6/2012 ,30
17/6/2012 ,30
18/6/2012 ,30
19/6/2012 ,30
20/6/2012 ,29
21/6/2012 ,29
22/6/2012 ,30
23/6/2012 ,30
24/6/2012 ,30
25/6/2012 ,30
26/6/2012 ,31
27/6/2012 ,30
28/6/2012 ,30
29/6/2012 ,30
30/6/2012 ,30
1/7/2012,29
2/7/2012,30
3/7/2012,29
4/7/2012,30
5/7/2012,30
6/7/2012,30
7/7/2012,29
8/7/2012,29
9/7/2012,28
10/7/2012,30
11/7/2012,30
12/7/2012,30
13/7/2012 ,30
14/7/2012 ,30
15/7/2012 ,30
16/7/2012 ,30
17/7/2012 ,30
18/7/2012 ,30
19/7/2012 ,30
20/7/2012 ,30
21/7/2012 ,30
22/7/2012 ,30
23/7/2012 ,30
24/7/2012 ,30
25/7/2012 ,30
26/7/2012 ,30
27/7/2012 ,30
28/7/2012 ,30
29/7/2012 ,30
30/7/2012 ,30
31/7/2012 ,30
1/8/2012,30
2/8/2012,30
3/8/2012,30
4/8/2012,30
5/8/2012,30
6/8/2012,30
7/8/2012,31
8/8/2012,28
9/8/2012,31
10/8/2012,30
11/8/2012,31
12/8/2012,31
13/8/2012 ,31
14/8/2012 ,31
15/8/2012 ,31
16/8/2012 ,31
17/8/2012 ,29
18/8/2012 ,30
19/8/2012 ,30
20/8/2012 ,30
21/8/2012 ,30
22/8/2012 ,30
23/8/2012 ,31
24/8/2012 ,30
25/8/2012 ,31
26/8/2012 ,30
27/8/2012 ,29
28/8/2012 ,29
29/8/2012 ,29
30/8/2012 ,29
31/8/2012 ,30
1/9/2012,30
2/9/2012,31
3/9/2012,30
4/9/2012,30
5/9/2012,30
6/9/2012,31
7/9/2012,29
8/9/2012,31
9/9/2012,28
10/9/2012,30
11/9/2012,30
12/9/2012,30
13/9/2012 ,31
14/9/2012 ,31
15/9/2012 ,30
16/9/2012 ,30
17/9/2012 ,30
18/9/2012 ,30
19/9/2012 ,31
20/9/2012 ,31
21/9/2012 ,31
22/9/2012 ,31
23/9/2012 ,28
24/9/2012 ,30
25/9/2012 ,30
26/9/2012 ,30
27/9/2012 ,30
28/9/2012 ,30
29/9/2012 ,31
30/9/2012 ,31
1/10/2012,31
2/10/2012,31
3/10/2012,32
4/10/2012,31
5/10/2012,31
6/10/2012,32
7/10/2012,31
8/10/2012,31
9/10/2012,31
10/10/2012,32
11/10/2012,31
12/10/2012,32
13/10/2012 ,32
14/10/2012 ,32
15/10/2012 ,31
16/10/2012 ,30
17/10/2012 ,31
18/10/2012 ,32
19/10/2012 ,30
20/10/2012 ,31
21/10/2012 ,32
22/10/2012 ,32
23/10/2012 ,29
24/10/2012 ,32
25/10/2012 ,31
26/10/2012 ,31
27/10/2012 ,31
28/10/2012 ,31
29/10/2012 ,26
30/10/2012 ,27
31/10/2012 ,27
1/11/2012,27
2/11/2012,29
3/11/2012,30
4/11/2012,31
5/11/2012,30
6/11/2012,31
7/11/2012,31
8/11/2012,30
9/11/2012,29
10/11/2012,30
11/11/2012,30
12/11/2012,32
13/11/2012 ,31
14/11/2012 ,31
15/11/2012 ,30
16/11/2012 ,28
17/11/2012 ,31
18/11/2012 ,31
19/11/2012 ,31
20/11/2012 ,31
21/11/2012 ,31
22/11/2012 ,31
23/11/2012 ,31
24/11/2012 ,30
25/11/2012 ,31
26/11/2012 ,30
27/11/2012 ,30
28/11/2012 ,32
29/11/2012 ,30
30/11/2012 ,30
1/12/2012,30
2/12/2012,30
3/12/2012,30
4/12/2012,30
5/12/2012,31
6/12/2012,31
7/12/2012,30
8/12/2012,30
9/12/2012,30
10/12/2012,30
11/12/2012,30
12/12/2012,30
13/12/2012 ,31
14/12/2012 ,32
15/12/2012 ,30
16/12/2012 ,27
17/12/2012 ,28
18/12/2012 ,31
19/12/2012 ,30
20/12/2012 ,31
21/12/2012 ,31
22/12/2012 ,28
23/12/2012 ,29
24/12/2012 ,30
25/12/2012 ,30
26/12/2012 ,30
27/12/2012 ,31
28/12/2012 ,30
29/12/2012 ,31
30/12/2012 ,31
31/12/2012 ,32
1/1/2013,31
2/1/2013,31
3/1/2013,30
4/1/2013,25
5/1/2013,28
6/1/2013,29
7/1/2013,30
8/1/2013,30
9/1/2013,31
10/1/2013,30
11/1/2013,31
12/1/2013,31
13/1/2013 ,31
14/1/2013 ,30
15/1/2013 ,31
16/1/2013 ,32
17/1/2013 ,31
18/1/2013 ,30
19/1/2013 ,31
20/1/2013 ,31
21/1/2013 ,32
22/1/2013 ,32
23/1/2013 ,31
24/1/2013 ,28
25/1/2013 ,29
26/1/2013 ,31
27/1/2013 ,32
28/1/2013 ,32
29/1/2013 ,32
30/1/2013 ,32
31/1/2013 ,32
1/2/2013,32
2/2/2013,32
3/2/2013,32
4/2/2013,31
5/2/2013,32
6/2/2013,30
7/2/2013,30
8/2/2013,30
9/2/2013,30
10/2/2013,32
11/2/2013,30
12/2/2013,31
13/2/2013 ,33
14/2/2013 ,30
15/2/2013 ,32
16/2/2013 ,31
17/2/2013 ,31
18/2/2013 ,31
19/2/2013 ,29
20/2/2013 ,32
21/2/2013 ,32
22/2/2013 ,33
23/2/2013 ,32
24/2/2013 ,32
25/2/2013 ,31
26/2/2013 ,32
27/2/2013 ,32
28/2/2013 ,32
1/3/2013,32
2/3/2013,32
3/3/2013,34
4/3/2013,28
5/3/2013,32
6/3/2013,32
7/3/2013,32
8/3/2013,31
9/3/2013,31
10/3/2013,31
11/3/2013,31
12/3/2013,31
13/3/2013 ,31
14/3/2013 ,31
15/3/2013 ,31
16/3/2013 ,32
17/3/2013 ,32
18/3/2013 ,32
19/3/2013 ,32
20/3/2013 ,32
21/3/2013 ,32
22/3/2013 ,32
23/3/2013 ,32
24/3/2013 ,31
25/3/2013 ,31
26/3/2013 ,31
27/3/2013 ,31
28/3/2013 ,32
29/3/2013 ,31
30/3/2013 ,32
31/3/2013 ,32
1/4/2013,32
2/4/2013,32
3/4/2013,32
4/4/2013,31
5/4/2013,32
6/4/2013,32
7/4/2013,32
8/4/2013,32
9/4/2013,33
10/4/2013,31
11/4/2013,32
12/4/2013,32
13/4/2013 ,32
14/4/2013 ,30
15/4/2013 ,31
16/4/2013 ,32
17/4/2013 ,32
18/4/2013 ,32
19/4/2013 ,32
20/4/2013 ,32
21/4/2013 ,32
22/4/2013 ,32
23/4/2013 ,32
24/4/2013 ,32
25/4/2013 ,32
26/4/2013 ,32
27/4/2013 ,32
28/4/2013 ,32
29/4/2013 ,32
30/4/2013 ,33
1/5/2013,32
2/5/2013,31
3/5/2013,31
4/5/2013,30
5/5/2013,31
6/5/2013,30
7/5/2013,31
8/5/2013,32
9/5/2013,32
10/5/2013,32
11/5/2013,31
12/5/2013,31
13/5/2013 ,29
14/5/2013 ,30
15/5/2013 ,30
16/5/2013 ,31
17/5/2013 ,31
18/5/2013 ,31
19/5/2013 ,31
20/5/2013 ,30
21/5/2013 ,31
22/5/2013 ,31
23/5/2013 ,31
24/5/2013 ,31
25/5/2013 ,30
26/5/2013 ,31
27/5/2013 ,31
28/5/2013 ,31
29/5/2013 ,31
30/5/2013 ,30
31/5/2013 ,30
1/6/2013,28
2/6/2013,29
3/6/2013,27
4/6/2013,29
5/6/2013,28
6/6/2013,29
7/6/2013,29
8/6/2013,26
9/6/2013,29
10/6/2013,29
11/6/2013,29
12/6/2013,28
13/6/2013 ,28
14/6/2013 ,29
15/6/2013 ,28
16/6/2013 ,29
17/6/2013 ,29
18/6/2013 ,28
19/6/2013 ,29
20/6/2013 ,29
21/6/2013 ,29
22/6/2013 ,28
23/6/2013 ,27
24/6/2013 ,28
25/6/2013 ,29
26/6/2013 ,29
27/6/2013 ,29
28/6/2013 ,29
29/6/2013 ,29
30/6/2013 ,30
1/7/2013,29
2/7/2013,29
3/7/2013,29
4/7/2013,29
5/7/2013,29
6/7/2013,30
7/7/2013,28
8/7/2013,28
9/7/2013,29
10/7/2013,28
11/7/2013,29
12/7/2013,29
13/7/2013 ,29
14/7/2013 ,29
15/7/2013 ,28
16/7/2013 ,28
17/7/2013 ,28
18/7/2013 ,29
19/7/2013 ,29
20/7/2013 ,29
21/7/2013 ,29
22/7/2013 ,29
23/7/2013 ,29
24/7/2013 ,30
25/7/2013 ,28
26/7/2013 ,29
27/7/2013 ,30
28/7/2013 ,29
29/7/2013 ,30
30/7/2013 ,29
31/7/2013 ,29
1/8/2013,30
2/8/2013,30
3/8/2013,29
4/8/2013,28
5/8/2013,27
6/8/2013,28
7/8/2013,29
8/8/2013,29
9/8/2013,28
10/8/2013,28
11/8/2013,28
12/8/2013,28
13/8/2013 ,28
14/8/2013 ,29
15/8/2013 ,29
16/8/2013 ,29
17/8/2013 ,29
18/8/2013 ,29
19/8/2013 ,29
20/8/2013 ,29
21/8/2013 ,29
22/8/2013 ,30
23/8/2013 ,29
24/8/2013 ,29
25/8/2013 ,30
26/8/2013 ,30
27/8/2013 ,30
28/8/2013 ,30
29/8/2013 ,31
30/8/2013 ,31
31/8/2013 ,31
1/9/2013,31
2/9/2013,30
3/9/2013,28
4/9/2013,30
5/9/2013,30
6/9/2013,29
7/9/2013,29
8/9/2013,28
9/9/2013,28
10/9/2013,28
11/9/2013,28
12/9/2013,28
13/9/2013 ,28
14/9/2013 ,29
15/9/2013 ,29
16/9/2013 ,29
17/9/2013 ,30
18/9/2013 ,28
19/9/2013 ,29
20/9/2013 ,29
21/9/2013 ,30
22/9/2013 ,30
23/9/2013 ,30
24/9/2013 ,30
25/9/2013 ,30
26/9/2013 ,30
27/9/2013 ,30
28/9/2013 ,30
29/9/2013 ,30
30/9/2013 ,30
1/10/2013,30
2/10/2013,30
3/10/2013,30
4/10/2013,30
5/10/2013,30
6/10/2013,30
7/10/2013,30
8/10/2013,31
9/10/2013,30
10/10/2013,30
11/10/2013,30
12/10/2013,29
13/10/2013 ,30
14/10/2013 ,31
15/10/2013 ,31
16/10/2013 ,31
17/10/2013 ,31
18/10/2013 ,31
19/10/2013 ,29
20/10/2013 ,29
21/10/2013 ,29
22/10/2013 ,30
23/10/2013 ,30
24/10/2013 ,30
25/10/2013 ,30
26/10/2013 ,31
27/10/2013 ,31
28/10/2013 ,31
29/10/2013 ,31
30/10/2013 ,31
31/10/2013 ,30
1/11/2013,31
2/11/2013,30
3/11/2013,32
4/11/2013,31
5/11/2013,31
6/11/2013,31
7/11/2013,31
8/11/2013,32
9/11/2013,31
10/11/2013,31
11/11/2013,32
12/11/2013,30
13/11/2013 ,29
14/11/2013 ,31
15/11/2013 ,31
16/11/2013 ,31
17/11/2013 ,30
18/11/2013 ,32
19/11/2013 ,30
20/11/2013 ,32
21/11/2013 ,31
22/11/2013 ,31
23/11/2013 ,31
24/11/2013 ,31
25/11/2013 ,31
26/11/2013 ,31
27/11/2013 ,32
28/11/2013 ,31
29/11/2013 ,30
30/11/2013 ,32
1/12/2013,29
2/12/2013,30
3/12/2013,30
4/12/2013,31
5/12/2013,30
6/12/2013,29
7/12/2013,31
8/12/2013,30
9/12/2013,30
10/12/2013,30
11/12/2013,30
12/12/2013,30
13/12/2013 ,30
14/12/2013 ,31
15/12/2013 ,29
16/12/2013 ,31
17/12/2013 ,31
18/12/2013 ,32
19/12/2013 ,30
20/12/2013 ,30
21/12/2013 ,31
22/12/2013 ,32
23/12/2013 ,32
24/12/2013 ,32
25/12/2013 ,31
26/12/2013 ,32
27/12/2013 ,31
28/12/2013 ,31
29/12/2013 ,31
30/12/2013 ,31
31/12/2013 ,31
1/1/2014,32
2/1/2014,31
3/1/2014,30
4/1/2014,29
5/1/2014,29
6/1/2014,29
7/1/2014,30
8/1/2014,31
9/1/2014,32
10/1/2014,32
11/1/2014,31
12/1/2014,30
13/1/2014 ,30
14/1/2014 ,30
15/1/2014 ,30
16/1/2014 ,30
17/1/2014 ,31
18/1/2014 ,31
19/1/2014 ,31
20/1/2014 ,32
21/1/2014 ,32
22/1/2014 ,32
23/1/2014 ,32
24/1/2014 ,32
25/1/2014 ,32
26/1/2014 ,31
27/1/2014 ,32
28/1/2014 ,32
29/1/2014 ,30
30/1/2014 ,32
31/1/2014 ,32
1/2/2014,32
2/2/2014,33
3/2/2014,32
4/2/2014,31
5/2/2014,32
6/2/2014,33
7/2/2014,32
8/2/2014,31
9/2/2014,30
10/2/2014,29
11/2/2014,30
12/2/2014,29
13/2/2014 ,31
14/2/2014 ,31
15/2/2014 ,30
16/2/2014 ,31
17/2/2014 ,31
18/2/2014 ,33
19/2/2014 ,32
20/2/2014 ,31
21/2/2014 ,32
22/2/2014 ,33
23/2/2014 ,31
24/2/2014 ,32
25/2/2014 ,33
26/2/2014 ,33
27/2/2014 ,31
28/2/2014 ,32
1/3/2014,32
2/3/2014,31
3/3/2014,31
4/3/2014,31
5/3/2014,31
6/3/2014,32
7/3/2014,33
8/3/2014,32
9/3/2014,32
10/3/2014,32
11/3/2014,34
12/3/2014,33
13/3/2014 ,34
14/3/2014 ,33
15/3/2014 ,32
16/3/2014 ,34
17/3/2014 ,33
18/3/2014 ,34
19/3/2014 ,32
20/3/2014 ,32
21/3/2014 ,32
22/3/2014 ,32
23/3/2014 ,32
24/3/2014 ,31
25/3/2014 ,32
26/3/2014 ,32
27/3/2014 ,33
28/3/2014 ,33
29/3/2014 ,33
30/3/2014 ,32
31/3/2014 ,31
1/4/2014,32
2/4/2014,31
3/4/2014,32
4/4/2014,32
5/4/2014,31
6/4/2014,33
7/4/2014,33
8/4/2014,31
9/4/2014,32
10/4/2014,31
11/4/2014,32
12/4/2014,31
13/4/2014 ,32
14/4/2014 ,32
15/4/2014 ,32
16/4/2014 ,32
17/4/2014 ,32
18/4/2014 ,32
19/4/2014 ,32
20/4/2014 ,32
21/4/2014 ,31
22/4/2014 ,32
23/4/2014 ,32
24/4/2014 ,33
25/4/2014 ,32
26/4/2014 ,32
27/4/2014 ,32
28/4/2014 ,33
29/4/2014 ,32
30/4/2014 ,30
1/5/2014,32
2/5/2014,32
3/5/2014,32
4/5/2014,32
5/5/2014,29
6/5/2014,31
7/5/2014,31
8/5/2014,32
9/5/2014,32
10/5/2014,32
11/5/2014,32
12/5/2014,32
13/5/2014 ,32
14/5/2014 ,32
15/5/2014 ,32
16/5/2014 ,32
17/5/2014 ,32
18/5/2014 ,32
19/5/2014 ,32
20/5/2014 ,32
21/5/2014 ,31
22/5/2014 ,32
23/5/2014 ,32
24/5/2014 ,32
25/5/2014 ,32
26/5/2014 ,32
27/5/2014 ,32
28/5/2014 ,32
29/5/2014 ,32
30/5/2014 ,32
31/5/2014 ,31
1/6/2014,31
2/6/2014,31
3/6/2014,30
4/6/2014,32
5/6/2014,32
6/6/2014,32
7/6/2014,32
8/6/2014,30
9/6/2014,31
10/6/2014,31
11/6/2014,31
12/6/2014,29
13/6/2014 ,31
14/6/2014 ,31
15/6/2014 ,31
16/6/2014 ,31
17/6/2014 ,31
18/6/2014 ,30
19/6/2014 ,29
20/6/2014 ,30
21/6/2014 ,29
22/6/2014 ,30
23/6/2014 ,30
24/6/2014 ,29
25/6/2014 ,29
26/6/2014 ,30
27/6/2014 ,30
28/6/2014 ,30
29/6/2014 ,30
30/6/2014 ,30
1/7/2014,29
2/7/2014,31
3/7/2014,30
4/7/2014,30
5/7/2014,29
6/7/2014,30
7/7/2014,29
8/7/2014,29
9/7/2014,29
10/7/2014,28
11/7/2014,29
12/7/2014,29
13/7/2014 ,29
14/7/2014 ,29
15/7/2014 ,29
16/7/2014 ,30
17/7/2014 ,30
18/7/2014 ,30
19/7/2014 ,30
20/7/2014 ,29
21/7/2014 ,30
22/7/2014 ,30
23/7/2014 ,30
24/7/2014 ,30
25/7/2014 ,30
26/7/2014 ,30
27/7/2014 ,29
28/7/2014 ,29
29/7/2014 ,30
30/7/2014 ,30
31/7/2014 ,30
1/8/2014,30
2/8/2014,29
3/8/2014,29
4/8/2014,29
5/8/2014,28
6/8/2014,30
7/8/2014,30
8/8/2014,29
9/8/2014,30
10/8/2014,30
11/8/2014,29
12/8/2014,30
13/8/2014 ,30
14/8/2014 ,30
15/8/2014 ,30
16/8/2014 ,30
17/8/2014 ,30
18/8/2014 ,30
19/8/2014 ,30
20/8/2014 ,31
21/8/2014 ,30
22/8/2014 ,28
23/8/2014 ,29
24/8/2014 ,30
25/8/2014 ,30
26/8/2014 ,30
27/8/2014 ,30
28/8/2014 ,30
29/8/2014 ,30
30/8/2014 ,30
31/8/2014 ,30
1/9/2014,30
2/9/2014,31
3/9/2014,30
4/9/2014,31
5/9/2014,30
6/9/2014,30
7/9/2014,30
8/9/2014,30
9/9/2014,30
10/9/2014,30
11/9/2014,30
12/9/2014,30
13/9/2014 ,29
14/9/2014 ,29
15/9/2014 ,29
16/9/2014 ,29
17/9/2014 ,30
18/9/2014 ,29
19/9/2014 ,30
20/9/2014 ,30
21/9/2014 ,30
22/9/2014 ,31
23/9/2014 ,30
24/9/2014 ,30
25/9/2014 ,31
26/9/2014 ,31
27/9/2014 ,31
28/9/2014 ,31
29/9/2014 ,31
30/9/2014 ,30
1/10/2014,31
2/10/2014,31
3/10/2014,29
4/10/2014,30
5/10/2014,30
6/10/2014,30
7/10/2014,29
8/10/2014,30
9/10/2014,30
10/10/2014,30
11/10/2014,30
12/10/2014,30
13/10/2014 ,31
14/10/2014 ,31
15/10/2014 ,31
16/10/2014 ,31
17/10/2014 ,31
18/10/2014 ,28
19/10/2014 ,29
20/10/2014 ,30
21/10/2014 ,31
22/10/2014 ,30
23/10/2014 ,29
24/10/2014 ,31
25/10/2014 ,31
26/10/2014 ,31
27/10/2014 ,30
28/10/2014 ,31
29/10/2014 ,30
30/10/2014 ,30
31/10/2014 ,28
1/11/2014,30
2/11/2014,30
3/11/2014,28
4/11/2014,27
5/11/2014,30
6/11/2014,30
7/11/2014,31
8/11/2014,31
9/11/2014,31
10/11/2014,30
11/11/2014,31
12/11/2014,31
13/11/2014 ,31
14/11/2014 ,32
15/11/2014 ,31
16/11/2014 ,32
17/11/2014 ,32
18/11/2014 ,31
19/11/2014 ,31
20/11/2014 ,32
21/11/2014 ,29
22/11/2014 ,30
23/11/2014 ,27
24/11/2014 ,30
25/11/2014 ,26
26/11/2014 ,29
27/11/2014 ,32
28/11/2014 ,30
29/11/2014 ,29
30/11/2014 ,29
1/12/2014,31
2/12/2014,30
3/12/2014,31
4/12/2014,29
5/12/2014,31
6/12/2014,30
7/12/2014,30
8/12/2014,30
9/12/2014,30
10/12/2014,31
11/12/2014,31
12/12/2014,30
13/12/2014 ,30
14/12/2014 ,31
15/12/2014 ,31
16/12/2014 ,31
17/12/2014 ,29
18/12/2014 ,30
19/12/2014 ,29
20/12/2014 ,26
21/12/2014 ,30
22/12/2014 ,26
23/12/2014 ,28
24/12/2014 ,30
25/12/2014 ,28
26/12/2014 ,25
27/12/2014 ,29
28/12/2014 ,29
29/12/2014 ,27
30/12/2014 ,29
31/12/2014 ,30
1/1/2015,29
2/1/2015,29
3/1/2015,30
4/1/2015,30
5/1/2015,31
6/1/2015,30
7/1/2015,31
8/1/2015,30
9/1/2015,31
10/1/2015,31
11/1/2015,31
12/1/2015,31
13/1/2015 ,31
14/1/2015 ,30
15/1/2015 ,30
16/1/2015 ,30
17/1/2015 ,30
18/1/2015 ,32
19/1/2015 ,32
20/1/2015 ,32
21/1/2015 ,32
22/1/2015 ,31
23/1/2015 ,31
24/1/2015 ,31
25/1/2015 ,32
26/1/2015 ,31
27/1/2015 ,32
28/1/2015 ,33
29/1/2015 ,31
30/1/2015 ,31
31/1/2015 ,32
1/2/2015,32
2/2/2015,32
3/2/2015,32
4/2/2015,31
5/2/2015,33
6/2/2015,32
7/2/2015,32
8/2/2015,32
9/2/2015,33
10/2/2015,32
11/2/2015,31
12/2/2015,31
13/2/2015 ,31
14/2/2015 ,32
15/2/2015 ,31
16/2/2015 ,33
17/2/2015 ,31
18/2/2015 ,32
19/2/2015 ,30
20/2/2015 ,31
21/2/2015 ,32
22/2/2015 ,32
23/2/2015 ,32
24/2/2015 ,31
25/2/2015 ,32
26/2/2015 ,31
27/2/2015 ,30
28/2/2015 ,31
1/3/2015,32
2/3/2015,30
3/3/2015,32
4/3/2015,31
5/3/2015,32
6/3/2015,32
7/3/2015,32
8/3/2015,32
9/3/2015,32
10/3/2015,26
11/3/2015,32
12/3/2015,31
13/3/2015 ,31
14/3/2015 ,31
15/3/2015 ,31
16/3/2015 ,31
17/3/2015 ,32
18/3/2015 ,32
19/3/2015 ,28
20/3/2015 ,31
21/3/2015 ,32
22/3/2015 ,32
23/3/2015 ,32
24/3/2015 ,32
25/3/2015 ,32
26/3/2015 ,33
27/3/2015 ,35
28/3/2015 ,32
29/3/2015 ,32
30/3/2015 ,32
31/3/2015 ,32
1/4/2015,32
2/4/2015,34
3/4/2015,32
4/4/2015,32
5/4/2015,33
6/4/2015,33
7/4/2015,33
8/4/2015,32
9/4/2015,32
10/4/2015,32
11/4/2015,32
12/4/2015,31
13/4/2015 ,31
14/4/2015 ,31
15/4/2015 ,31
16/4/2015 ,31
17/4/2015 ,32
18/4/2015 ,32
19/4/2015 ,32
20/4/2015 ,30
21/4/2015 ,29
22/4/2015 ,30
23/4/2015 ,31
24/4/2015 ,31
25/4/2015 ,31
26/4/2015 ,32
27/4/2015 ,32
28/4/2015 ,31
29/4/2015 ,31
30/4/2015 ,31
1/5/2015,32
2/5/2015,31
3/5/2015,31
4/5/2015,32
5/5/2015,31
6/5/2015,31
7/5/2015,32
8/5/2015,31
9/5/2015,30
10/5/2015,30
11/5/2015,30
12/5/2015,31
13/5/2015 ,31
14/5/2015 ,31
15/5/2015 ,31
16/5/2015 ,31
17/5/2015 ,31
18/5/2015 ,31
19/5/2015 ,30
20/5/2015 ,30
21/5/2015 ,30
22/5/2015 ,31
23/5/2015 ,31
24/5/2015 ,31
25/5/2015 ,31
26/5/2015 ,31
27/5/2015 ,31
28/5/2015 ,31
29/5/2015 ,31
30/5/2015 ,31
31/5/2015 ,31
1/6/2015,30
2/6/2015,31
3/6/2015,32
4/6/2015,31
5/6/2015,30
6/6/2015,31
7/6/2015,31
8/6/2015,31
9/6/2015,31
10/6/2015,31
11/6/2015,30
12/6/2015,31
13/6/2015 ,31
14/6/2015 ,31
15/6/2015 ,29
16/6/2015 ,28
17/6/2015 ,29
18/6/2015 ,28
19/6/2015 ,29
20/6/2015 ,29
21/6/2015 ,30
22/6/2015 ,30
23/6/2015 ,31
24/6/2015 ,31
25/6/2015 ,31
26/6/2015 ,30
27/6/2015 ,29
28/6/2015 ,28
29/6/2015 ,28
30/6/2015 ,29
1/7/2015,30
2/7/2015,30
3/7/2015,29
4/7/2015,29
5/7/2015,29
6/7/2015,30
7/7/2015,30
8/7/2015,29
9/7/2015,29
10/7/2015,28
11/7/2015,29
12/7/2015,30
13/7/2015 ,30
14/7/2015 ,29
15/7/2015 ,28
16/7/2015 ,29
17/7/2015 ,29
18/7/2015 ,28
19/7/2015 ,29
20/7/2015 ,29
21/7/2015 ,28
22/7/2015 ,28
23/7/2015 ,28
24/7/2015 ,29
25/7/2015 ,29
26/7/2015 ,28
27/7/2015 ,29
28/7/2015 ,29
29/7/2015 ,29
30/7/2015 ,29
31/7/2015 ,29
1/8/2015,29
2/8/2015,28
3/8/2015,28
4/8/2015,28
5/8/2015,28
6/8/2015,29
7/8/2015,29
8/8/2015,30
9/8/2015,29
10/8/2015,29
11/8/2015,29
12/8/2015,29
13/8/2015 ,29
14/8/2015 ,29
15/8/2015 ,29
16/8/2015 ,30
17/8/2015 ,30
18/8/2015 ,31
19/8/2015 ,30
20/8/2015 ,30
21/8/2015 ,30
22/8/2015 ,30
23/8/2015 ,29
24/8/2015 ,29
25/8/2015 ,28
26/8/2015 ,29
27/8/2015 ,28
28/8/2015 ,29
29/8/2015 ,29
30/8/2015 ,30
31/8/2015 ,30
1/9/2015,29
2/9/2015,31
3/9/2015,30
4/9/2015,30
5/9/2015,29
6/9/2015,29
7/9/2015,30
8/9/2015,30
9/9/2015,31
10/9/2015,30
11/9/2015,30
12/9/2015,31
13/9/2015 ,31
14/9/2015 ,30
15/9/2015 ,29
16/9/2015 ,28
17/9/2015 ,29
18/9/2015 ,29
19/9/2015 ,29
20/9/2015 ,29
21/9/2015 ,30
22/9/2015 ,30
23/9/2015 ,30
24/9/2015 ,30
25/9/2015 ,29
26/9/2015 ,30
27/9/2015 ,29
28/9/2015 ,30
29/9/2015 ,30
30/9/2015 ,30
1/10/2015,31
2/10/2015,31
3/10/2015,31
4/10/2015,30
5/10/2015,28
6/10/2015,29
7/10/2015,30
8/10/2015,31
9/10/2015,30
10/10/2015,31
11/10/2015,31
12/10/2015,31
13/10/2015 ,31
14/10/2015 ,30
15/10/2015 ,30
16/10/2015 ,31
17/10/2015 ,32
18/10/2015 ,31
19/10/2015 ,31
20/10/2015 ,31
21/10/2015 ,31
22/10/2015 ,30
23/10/2015 ,30
24/10/2015 ,30
25/10/2015 ,27
26/10/2015 ,29
27/10/2015 ,27
28/10/2015 ,29
29/10/2015 ,28
30/10/2015 ,29
31/10/2015 ,30
1/11/2015,31
2/11/2015,31
3/11/2015,28
4/11/2015,33
5/11/2015,30
6/11/2015,30
7/11/2015,29
8/11/2015,30
9/11/2015,26
10/11/2015,30
11/11/2015,31
12/11/2015,31
13/11/2015 ,28
14/11/2015 ,28
15/11/2015 ,27
16/11/2015 ,29
17/11/2015 ,29
18/11/2015 ,31
19/11/2015 ,30
20/11/2015 ,31
21/11/2015 ,31
22/11/2015 ,32
23/11/2015 ,30
24/11/2015 ,31
25/11/2015 ,32
26/11/2015 ,31
27/11/2015 ,32
28/11/2015 ,30
29/11/2015 ,32
30/11/2015 ,30
1/12/2015,30
2/12/2015,29
3/12/2015,30
4/12/2015,30
5/12/2015,32
6/12/2015,31
7/12/2015,31
8/12/2015,26
9/12/2015,31
10/12/2015,31
11/12/2015,28
12/12/2015,30
13/12/2015 ,30
14/12/2015 ,30
15/12/2015 ,32
16/12/2015 ,29
17/12/2015 ,30
18/12/2015 ,30
19/12/2015 ,30
20/12/2015 ,30
21/12/2015 ,32
22/12/2015 ,32
23/12/2015 ,32
24/12/2015 ,31
25/12/2015 ,31
26/12/2015 ,32
27/12/2015 ,32
28/12/2015 ,32
29/12/2015 ,30
30/12/2015 ,33
31/12/2015 ,33
1/1/2016,31
2/1/2016,32
3/1/2016,33
4/1/2016,30
5/1/2016,32
6/1/2016,32
7/1/2016,32
8/1/2016,31
9/1/2016,32
10/1/2016,31
11/1/2016,32
12/1/2016,32
13/1/2016 ,31
14/1/2016 ,31
15/1/2016 ,30
16/1/2016 ,31
17/1/2016 ,32
18/1/2016 ,32
19/1/2016 ,31
20/1/2016 ,32
21/1/2016 ,32
22/1/2016 ,33
23/1/2016 ,33
24/1/2016 ,33
25/1/2016 ,34
26/1/2016 ,34
27/1/2016 ,33
28/1/2016 ,32
29/1/2016 ,32
30/1/2016 ,34
31/1/2016 ,34
1/2/2016,32
2/2/2016,33
3/2/2016,34
4/2/2016,32
5/2/2016,32
6/2/2016,33
7/2/2016,33
8/2/2016,32
9/2/2016,32
10/2/2016,31
11/2/2016,32
12/2/2016,32
13/2/2016 ,30
14/2/2016 ,31
15/2/2016 ,32
16/2/2016 ,34
17/2/2016 ,34
18/2/2016 ,33
19/2/2016 ,33
20/2/2016 ,33
21/2/2016 ,34
22/2/2016 ,34
23/2/2016 ,32
24/2/2016 ,32
25/2/2016 ,33
26/2/2016 ,34
27/2/2016 ,34
28/2/2016 ,36
29/2/2016 ,35
1/3/2016,36
2/3/2016,35
3/3/2016,35
4/3/2016,34
5/3/2016,33
6/3/2016,32
7/3/2016,33
8/3/2016,31
9/3/2016,32
10/3/2016,34
11/3/2016,33
12/3/2016,33
13/3/2016 ,32
14/3/2016 ,33
15/3/2016 ,33
16/3/2016 ,33
17/3/2016 ,32
18/3/2016 ,33
19/3/2016 ,31
20/3/2016 ,33
21/3/2016 ,33
22/3/2016 ,33
23/3/2016 ,33
24/3/2016 ,33
25/3/2016 ,33
26/3/2016 ,33
27/3/2016 ,32
28/3/2016 ,32
29/3/2016 ,33
30/3/2016 ,33
31/3/2016 ,32
1/4/2016,33
2/4/2016,33
3/4/2016,33
4/4/2016,33
5/4/2016,33
6/4/2016,33
7/4/2016,34
8/4/2016,34
9/4/2016,35
10/4/2016,33
11/4/2016,33
12/4/2016,33
13/4/2016 ,31
14/4/2016 ,31
15/4/2016 ,31
16/4/2016 ,31
17/4/2016 ,31
18/4/2016 ,31
19/4/2016 ,31
20/4/2016 ,31
21/4/2016 ,33
22/4/2016 ,32
23/4/2016 ,32
24/4/2016 ,33
25/4/2016 ,32
26/4/2016 ,33
27/4/2016 ,34
28/4/2016 ,34
29/4/2016 ,34
30/4/2016 ,33
1/5/2016,33
2/5/2016,32
3/5/2016,33
4/5/2016,33
5/5/2016,32
6/5/2016,31
7/5/2016,31
8/5/2016,32
9/5/2016,32
10/5/2016,31
11/5/2016,32
12/5/2016,31
13/5/2016 ,32
14/5/2016 ,31
15/5/2016 ,26
16/5/2016 ,27
17/5/2016 ,27
18/5/2016 ,29
19/5/2016 ,30
20/5/2016 ,30
21/5/2016 ,30
22/5/2016 ,30
23/5/2016 ,29
24/5/2016 ,29
25/5/2016 ,29
26/5/2016 ,30
27/5/2016 ,28
28/5/2016 ,26
29/5/2016 ,29
30/5/2016 ,28
31/5/2016 ,28
1/6/2016,29
2/6/2016,28
3/6/2016,29
4/6/2016,29
5/6/2016,29
6/6/2016,29
7/6/2016,30
8/6/2016,29
9/6/2016,29
10/6/2016,29
11/6/2016,30
12/6/2016,29
13/6/2016 ,29
14/6/2016 ,29
15/6/2016 ,29
16/6/2016 ,29
17/6/2016 ,28
18/6/2016 ,28
19/6/2016 ,28
20/6/2016 ,28
21/6/2016 ,28
22/6/2016 ,28
23/6/2016 ,29
24/6/2016 ,30
25/6/2016 ,30
26/6/2016 ,29
27/6/2016 ,29
28/6/2016 ,28
29/6/2016 ,28
30/6/2016 ,30
1/7/2016,30
2/7/2016,30
3/7/2016,30
4/7/2016,31
5/7/2016,30
6/7/2016,30
7/7/2016,30
8/7/2016,29
9/7/2016,28
10/7/2016,28
11/7/2016,29
12/7/2016,28
13/7/2016 ,29
14/7/2016 ,29
15/7/2016 ,28
16/7/2016 ,27
17/7/2016 ,29
18/7/2016 ,29
19/7/2016 ,28
20/7/2016 ,29
21/7/2016 ,29
22/7/2016 ,29
23/7/2016 ,28
24/7/2016 ,29
25/7/2016 ,29
26/7/2016 ,29
27/7/2016 ,29
28/7/2016 ,30
29/7/2016 ,29
30/7/2016 ,28
31/7/2016 ,28
1/8/2016,29
2/8/2016,29
3/8/2016,29
4/8/2016,29
5/8/2016,30
6/8/2016,31
7/8/2016,30
8/8/2016,30
9/8/2016,29
10/8/2016,29
11/8/2016,29
12/8/2016,28
13/8/2016 ,28
14/8/2016 ,28
15/8/2016 ,29
16/8/2016 ,29
17/8/2016 ,29
18/8/2016 ,28
19/8/2016 ,29
20/8/2016 ,29
21/8/2016 ,29
22/8/2016 ,28
23/8/2016 ,28
24/8/2016 ,28
25/8/2016 ,28
26/8/2016 ,28
27/8/2016 ,27
28/8/2016 ,29
29/8/2016 ,28
30/8/2016 ,26
31/8/2016 ,28
1/9/2016,28
2/9/2016,27
3/9/2016,29
4/9/2016,28
5/9/2016,29
6/9/2016,28
7/9/2016,29
8/9/2016,28
9/9/2016,28
10/9/2016,28
11/9/2016,28
12/9/2016,29
13/9/2016 ,28
14/9/2016 ,27
15/9/2016 ,28
16/9/2016 ,29
17/9/2016 ,29
18/9/2016 ,28
19/9/2016 ,29
20/9/2016 ,28
21/9/2016 ,29
22/9/2016 ,29
23/9/2016 ,28
24/9/2016 ,29
25/9/2016 ,28
26/9/2016 ,29
27/9/2016 ,28
28/9/2016 ,28
29/9/2016 ,28
30/9/2016 ,28
1/10/2016,29
2/10/2016,29
3/10/2016,30
4/10/2016,29
5/10/2016,29
6/10/2016,30
7/10/2016,29
8/10/2016,29
9/10/2016,29
10/10/2016,30
11/10/2016,29
12/10/2016,30
13/10/2016 ,30
14/10/2016 ,30
15/10/2016 ,30
16/10/2016 ,30
17/10/2016 ,31
18/10/2016 ,31
19/10/2016 ,30
20/10/2016 ,30
21/10/2016 ,29
22/10/2016 ,29
23/10/2016 ,29
24/10/2016 ,28
25/10/2016 ,30
26/10/2016 ,30
27/10/2016 ,30
28/10/2016 ,30
29/10/2016 ,30
30/10/2016 ,29
31/10/2016 ,30
1/11/2016,31
2/11/2016,30
3/11/2016,30
4/11/2016,29
5/11/2016,30
6/11/2016,29
7/11/2016,30
8/11/2016,31
9/11/2016,30
10/11/2016,31
11/11/2016,31
12/11/2016,30
13/11/2016 ,30
14/11/2016 ,29
15/11/2016 ,30
16/11/2016 ,32
17/11/2016 ,31
18/11/2016 ,32
19/11/2016 ,31
20/11/2016 ,29
21/11/2016 ,30
22/11/2016 ,32
23/11/2016 ,32
24/11/2016 ,31
25/11/2016 ,32
26/11/2016 ,30
27/11/2016 ,31
28/11/2016 ,30
29/11/2016 ,27
30/11/2016 ,28
1/12/2016,27
2/12/2016,30
3/12/2016,31
4/12/2016,31
5/12/2016,32
6/12/2016,32
7/12/2016,31
8/12/2016,30
9/12/2016,30
10/12/2016,29
11/12/2016,29
12/12/2016,29
13/12/2016 ,30
14/12/2016 ,30
15/12/2016 ,30
16/12/2016 ,31
17/12/2016 ,31
18/12/2016 ,31
19/12/2016 ,31
20/12/2016 ,30
21/12/2016 ,30
22/12/2016 ,30
23/12/2016 ,30
24/12/2016 ,30
25/12/2016 ,29
26/12/2016 ,31
27/12/2016 ,31
28/12/2016 ,30
29/12/2016 ,32
30/12/2016 ,32
31/12/2016 ,31
1/1/2017,31
2/1/2017,31
3/1/2017,32
4/1/2017,30
5/1/2017,31
6/1/2017,30
7/1/2017,31
8/1/2017,31
9/1/2017,30
10/1/2017,30
11/1/2017,30
12/1/2017,31
13/1/2017 ,32
14/1/2017 ,31
15/1/2017 ,32
16/1/2017 ,32
17/1/2017 ,31
18/1/2017 ,32
19/1/2017 ,32
20/1/2017 ,31
21/1/2017 ,31
22/1/2017 ,32
23/1/2017 ,30
24/1/2017 ,29
25/1/2017 ,32
26/1/2017 ,33
27/1/2017 ,26
28/1/2017 ,31
29/1/2017 ,31
30/1/2017 ,32
31/1/2017 ,31
1/2/2017,31
2/2/2017,31
3/2/2017,32
4/2/2017,31
5/2/2017,30
6/2/2017,30
7/2/2017,30
8/2/2017,29
9/2/2017,30
10/2/2017,29
11/2/2017,30
12/2/2017,31
13/2/2017 ,32
14/2/2017 ,34
15/2/2017 ,32
16/2/2017 ,33
17/2/2017 ,33
18/2/2017 ,32
19/2/2017 ,32
20/2/2017 ,31
21/2/2017 ,31
22/2/2017 ,31
23/2/2017 ,30
24/2/2017 ,31
25/2/2017 ,31
26/2/2017 ,30
27/2/2017 ,29
28/2/2017 ,32
1/3/2017,32
2/3/2017,33
3/3/2017,31
4/3/2017,31
5/3/2017,31
6/3/2017,31
7/3/2017,32
8/3/2017,32
9/3/2017,31
10/3/2017,31
11/3/2017,31
12/3/2017,31
13/3/2017 ,32
14/3/2017 ,30
15/3/2017 ,31
16/3/2017 ,31
17/3/2017 ,31
18/3/2017 ,31
19/3/2017 ,32
20/3/2017 ,31
21/3/2017 ,31
22/3/2017 ,33
23/3/2017 ,32
24/3/2017 ,31
25/3/2017 ,31
26/3/2017 ,32
27/3/2017 ,31
28/3/2017 ,30
29/3/2017 ,30
30/3/2017 ,32
31/3/2017 ,32
1/4/2017,32
2/4/2017,32
3/4/2017,30
4/4/2017,32
5/4/2017,32
6/4/2017,32
7/4/2017,31
8/4/2017,32
9/4/2017,32
10/4/2017,31
11/4/2017,31
12/4/2017,32
13/4/2017 ,31
14/4/2017 ,30
15/4/2017 ,31
16/4/2017 ,31
17/4/2017 ,32
18/4/2017 ,32
19/4/2017 ,32
20/4/2017 ,32
21/4/2017 ,31
22/4/2017 ,31
23/4/2017 ,31
24/4/2017 ,31
25/4/2017 ,31
26/4/2017 ,31
27/4/2017 ,32
28/4/2017 ,32
29/4/2017 ,32
30/4/2017 ,33
1/5/2017,32
2/5/2017,31
3/5/2017,32
4/5/2017,31
5/5/2017,33
6/5/2017,32
7/5/2017,32
8/5/2017,31
9/5/2017,30
10/5/2017,32
11/5/2017,33
12/5/2017,32
13/5/2017 ,32
14/5/2017 ,32
15/5/2017 ,30
16/5/2017 ,31
17/5/2017 ,31
18/5/2017 ,29
19/5/2017 ,30
20/5/2017 ,31
21/5/2017 ,31
22/5/2017 ,30
23/5/2017 ,31
24/5/2017 ,29
25/5/2017 ,28
26/5/2017 ,27
27/5/2017 ,29
28/5/2017 ,29
29/5/2017 ,29
30/5/2017 ,28
31/5/2017 ,28
1/6/2017,28
2/6/2017,28
3/6/2017,28
4/6/2017,29
5/6/2017,29
6/6/2017,29
7/6/2017,28
8/6/2017,29
9/6/2017,29
10/6/2017,30
11/6/2017,29
12/6/2017,30
13/6/2017 ,29
14/6/2017 ,29
15/6/2017 ,30
16/6/2017 ,30
17/6/2017 ,29
18/6/2017 ,29
19/6/2017 ,29
20/6/2017 ,29
21/6/2017 ,29
22/6/2017 ,29
23/6/2017 ,28
24/6/2017 ,27
25/6/2017 ,28
26/6/2017 ,28
27/6/2017 ,28
28/6/2017 ,28
29/6/2017 ,30
30/6/2017 ,29
1/7/2017,29
2/7/2017,29
3/7/2017,29
4/7/2017,30
5/7/2017,29
6/7/2017,28
7/7/2017,28
8/7/2017,28
9/7/2017,28
10/7/2017,28
11/7/2017,29
12/7/2017,29
13/7/2017 ,29
14/7/2017 ,30
15/7/2017 ,29
16/7/2017 ,29
17/7/2017 ,29
18/7/2017 ,29
19/7/2017 ,29
20/7/2017 ,30
21/7/2017 ,30
22/7/2017 ,30
23/7/2017 ,29
24/7/2017 ,29
25/7/2017 ,31
26/7/2017 ,30
27/7/2017 ,30
28/7/2017 ,29
29/7/2017 ,30
30/7/2017 ,29
31/7/2017 ,29
1/8/2017,29
2/8/2017,29
3/8/2017,29
4/8/2017,29
5/8/2017,29
6/8/2017,28
7/8/2017,28
8/8/2017,30
9/8/2017,29
10/8/2017,30
11/8/2017,28
12/8/2017,29
13/8/2017 ,30
14/8/2017 ,29
15/8/2017 ,30
16/8/2017 ,29
17/8/2017 ,30
18/8/2017 ,28
19/8/2017 ,28
20/8/2017 ,29
21/8/2017 ,29
22/8/2017 ,29
23/8/2017 ,29
24/8/2017 ,28
25/8/2017 ,29
26/8/2017 ,30
27/8/2017 ,30
28/8/2017 ,29
29/8/2017 ,28
30/8/2017 ,29
31/8/2017 ,30
1/9/2017,31
2/9/2017,30
3/9/2017,28
4/9/2017,29
5/9/2017,29
6/9/2017,28
7/9/2017,28
8/9/2017,27
9/9/2017,28
10/9/2017,29
11/9/2017,31
12/9/2017,30
13/9/2017 ,29
14/9/2017 ,30
15/9/2017 ,30
16/9/2017 ,30
17/9/2017 ,28
18/9/2017 ,29
19/9/2017 ,30
20/9/2017 ,29
21/9/2017 ,29
22/9/2017 ,29
23/9/2017 ,30
24/9/2017 ,30
25/9/2017 ,28
26/9/2017 ,29
27/9/2017 ,29
28/9/2017 ,29
29/9/2017 ,30
30/9/2017 ,29
1/10/2017,30
2/10/2017,29
3/10/2017,29
4/10/2017,30
5/10/2017,29
6/10/2017,26
7/10/2017,29
8/10/2017,29
9/10/2017,29
10/10/2017,29
11/10/2017,29
12/10/2017,29
13/10/2017 ,28
14/10/2017 ,28
15/10/2017 ,29
16/10/2017 ,30
17/10/2017 ,29
18/10/2017 ,28
19/10/2017 ,28
20/10/2017 ,29
21/10/2017 ,30
22/10/2017 ,30
23/10/2017 ,30
24/10/2017 ,30
25/10/2017 ,30
26/10/2017 ,30
27/10/2017 ,30
28/10/2017 ,30
29/10/2017 ,30
30/10/2017 ,30
31/10/2017 ,27
1/11/2017,29
2/11/2017,29
3/11/2017,30
4/11/2017,29
5/11/2017,28
6/11/2017,29
7/11/2017,27
8/11/2017,32
9/11/2017,30
10/11/2017,29
11/11/2017,28
12/11/2017,31
13/11/2017 ,30
14/11/2017 ,30
15/11/2017 ,30
16/11/2017 ,31
17/11/2017 ,31
18/11/2017 ,31
19/11/2017 ,30
20/11/2017 ,31
21/11/2017 ,31
22/11/2017 ,30
23/11/2017 ,31
24/11/2017 ,31
25/11/2017 ,30
26/11/2017 ,25
27/11/2017 ,27
28/11/2017 ,29
29/11/2017 ,26
30/11/2017 ,27
1/12/2017,26
2/12/2017,29
3/12/2017,30
4/12/2017,30
5/12/2017,30
6/12/2017,30
7/12/2017,30
8/12/2017,30
9/12/2017,30
10/12/2017,31
11/12/2017,31
12/12/2017,30
13/12/2017 ,29
14/12/2017 ,31
15/12/2017 ,31
16/12/2017 ,31
17/12/2017 ,32
18/12/2017 ,31
19/12/2017 ,31
20/12/2017 ,30
21/12/2017 ,31
22/12/2017 ,31
23/12/2017 ,31
24/12/2017 ,31
25/12/2017 ,31
26/12/2017 ,32
27/12/2017 ,31
28/12/2017 ,30
29/12/2017 ,30
30/12/2017 ,30
31/12/2017 ,30
1/1/2018,30
2/1/2018,30
3/1/2018,30
4/1/2018,31
5/1/2018,30
6/1/2018,29
7/1/2018,29
8/1/2018,30
9/1/2018,30
10/1/2018,30
11/1/2018,30
12/1/2018,30
13/1/2018 ,29
14/1/2018 ,30
15/1/2018 ,31
16/1/2018 ,32
17/1/2018 ,31
18/1/2018 ,31
19/1/2018 ,30
20/1/2018 ,30
21/1/2018 ,30
22/1/2018 ,30
23/1/2018 ,30
24/1/2018 ,30
25/1/2018 ,31
26/1/2018 ,31
27/1/2018 ,31
28/1/2018 ,30
29/1/2018 ,31
30/1/2018 ,31
31/1/2018 ,30
1/2/2018,31
2/2/2018,30
3/2/2018,30
4/2/2018,31
5/2/2018,32
6/2/2018,32
7/2/2018,30
8/2/2018,31
9/2/2018,31
10/2/2018,30
11/2/2018,31
12/2/2018,31
13/2/2018 ,31
14/2/2018 ,32
15/2/2018 ,32
16/2/2018 ,32
17/2/2018 ,32
18/2/2018 ,31
19/2/2018 ,31
20/2/2018 ,32
21/2/2018 ,30
22/2/2018 ,30
23/2/2018 ,31
24/2/2018 ,32
25/2/2018 ,33
26/2/2018 ,33
27/2/2018 ,32
28/2/2018 ,31
1/3/2018,31
2/3/2018,31
3/3/2018,29
4/3/2018,31
5/3/2018,31
6/3/2018,31
7/3/2018,30
8/3/2018,32
9/3/2018,30
10/3/2018,32
11/3/2018,32
12/3/2018,26
13/3/2018 ,32
14/3/2018 ,32
15/3/2018 ,33
16/3/2018 ,31
17/3/2018 ,32
18/3/2018 ,32
19/3/2018 ,32
20/3/2018 ,32
21/3/2018 ,31
22/3/2018 ,32
23/3/2018 ,31
24/3/2018 ,34
25/3/2018 ,32
26/3/2018 ,32
27/3/2018 ,32
28/3/2018 ,32
29/3/2018 ,32
30/3/2018 ,31
31/3/2018 ,31
1/4/2018,31
2/4/2018,31
3/4/2018,32
4/4/2018,32
5/4/2018,32
6/4/2018,31
7/4/2018,32
8/4/2018,32
9/4/2018,32
10/4/2018,31
11/4/2018,31
12/4/2018,31
13/4/2018 ,30
14/4/2018 ,33
15/4/2018 ,33
16/4/2018 ,32
17/4/2018 ,33
18/4/2018 ,30
19/4/2018 ,32
20/4/2018 ,32
21/4/2018 ,33
22/4/2018 ,31
23/4/2018 ,32
24/4/2018 ,32
25/4/2018 ,32
26/4/2018 ,32
27/4/2018 ,32
28/4/2018 ,32
29/4/2018 ,32
30/4/2018 ,32
1/5/2018,32
2/5/2018,32
3/5/2018,32
4/5/2018,32
5/5/2018,31
6/5/2018,30
7/5/2018,31
8/5/2018,32
9/5/2018,32
10/5/2018,32
11/5/2018,32
12/5/2018,32
13/5/2018 ,31
14/5/2018 ,31
15/5/2018 ,32
16/5/2018 ,31
17/5/2018 ,29
18/5/2018 ,29
19/5/2018 ,31
20/5/2018 ,29
21/5/2018 ,27
22/5/2018 ,29
23/5/2018 ,29
24/5/2018 ,27
25/5/2018 ,28
26/5/2018 ,29
27/5/2018 ,29
28/5/2018 ,29
29/5/2018 ,30
30/5/2018 ,30
31/5/2018 ,30
1/6/2018,29
2/6/2018,29
3/6/2018,28
4/6/2018,28
5/6/2018,29
6/6/2018,29
7/6/2018,28
8/6/2018,29
9/6/2018,29
10/6/2018,29
11/6/2018,29
12/6/2018,30
13/6/2018 ,29
14/6/2018 ,29
15/6/2018 ,29
16/6/2018 ,28
17/6/2018 ,28
18/6/2018 ,29
19/6/2018 ,29
20/6/2018 ,29
21/6/2018 ,28
22/6/2018 ,28
23/6/2018 ,28
24/6/2018 ,29
25/6/2018 ,28
26/6/2018 ,29
27/6/2018 ,29
28/6/2018 ,29
29/6/2018 ,29
30/6/2018 ,30
1/7/2018,29
2/7/2018,28
3/7/2018,29
4/7/2018,30
5/7/2018,30
6/7/2018,29
7/7/2018,30
8/7/2018,29
9/7/2018,28
10/7/2018,28
11/7/2018,28
12/7/2018,29
13/7/2018 ,29
14/7/2018 ,29
15/7/2018 ,28
16/7/2018 ,28
17/7/2018 ,30
18/7/2018 ,29
19/7/2018 ,28
20/7/2018 ,29
21/7/2018 ,29
22/7/2018 ,30
23/7/2018 ,29
24/7/2018 ,29
25/7/2018 ,29
26/7/2018 ,29
27/7/2018 ,29
28/7/2018 ,29
29/7/2018 ,29
30/7/2018 ,28
31/7/2018 ,28
1/8/2018,29
2/8/2018,28
3/8/2018,29
4/8/2018,29
5/8/2018,29
6/8/2018,28
7/8/2018,27
8/8/2018,28
9/8/2018,28
10/8/2018,28
11/8/2018,28
12/8/2018,28
13/8/2018 ,28
14/8/2018 ,28
15/8/2018 ,27
16/8/2018 ,28
17/8/2018 ,29
18/8/2018 ,28
19/8/2018 ,28
20/8/2018 ,28
21/8/2018 ,29
22/8/2018 ,29
23/8/2018 ,29
24/8/2018 ,29
25/8/2018 ,28
26/8/2018 ,28
27/8/2018 ,29
28/8/2018 ,30
29/8/2018 ,29
30/8/2018 ,29
31/8/2018 ,29
1/9/2018,29
2/9/2018,30
3/9/2018,30
4/9/2018,29
5/9/2018,29
6/9/2018,29
7/9/2018,30
8/9/2018,30
9/9/2018,30
10/9/2018,30
11/9/2018,31
12/9/2018,31
13/9/2018 ,30
14/9/2018 ,30
15/9/2018 ,30
16/9/2018 ,30
17/9/2018 ,28
18/9/2018 ,29
19/9/2018 ,29
20/9/2018 ,29
21/9/2018 ,28
22/9/2018 ,30
23/9/2018 ,30
24/9/2018 ,30
25/9/2018 ,30
26/9/2018 ,29
27/9/2018 ,30
28/9/2018 ,31
29/9/2018 ,29
30/9/2018 ,30
1/10/2018,29
2/10/2018,29
3/10/2018,30
4/10/2018,31
5/10/2018,31
6/10/2018,29
7/10/2018,29
8/10/2018,30
9/10/2018,28
10/10/2018,29
11/10/2018,29
12/10/2018,30
13/10/2018 ,29
14/10/2018 ,30
15/10/2018 ,31
16/10/2018 ,30
17/10/2018 ,29
18/10/2018 ,30
19/10/2018 ,31
20/10/2018 ,29
21/10/2018 ,30
22/10/2018 ,30
23/10/2018 ,30
24/10/2018 ,31
25/10/2018 ,30
26/10/2018 ,31
27/10/2018 ,31
28/10/2018 ,30
29/10/2018 ,30
30/10/2018 ,30
31/10/2018 ,29
1/11/2018,29
2/11/2018,29
3/11/2018,31
4/11/2018,32
5/11/2018,29
6/11/2018,24
7/11/2018,29
8/11/2018,29
9/11/2018,28
10/11/2018,31
11/11/2018,30
12/11/2018,30
13/11/2018 ,30
14/11/2018 ,31
15/11/2018 ,31
16/11/2018 ,30
17/11/2018 ,30
18/11/2018 ,30
19/11/2018 ,30
20/11/2018 ,28
21/11/2018 ,30
22/11/2018 ,31
23/11/2018 ,31
24/11/2018 ,31
25/11/2018 ,31
26/11/2018 ,31
27/11/2018 ,31
28/11/2018 ,30
29/11/2018 ,30
30/11/2018 ,31
1/12/2018,32
2/12/2018,31
3/12/2018,31
4/12/2018,31
5/12/2018,31
6/12/2018,30
7/12/2018,31
8/12/2018,32
9/12/2018,32
10/12/2018,30
11/12/2018,30
12/12/2018,30
13/12/2018 ,30
14/12/2018 ,30
15/12/2018 ,29
16/12/2018 ,29
17/12/2018 ,30
18/12/2018 ,30
19/12/2018 ,30
20/12/2018 ,31
21/12/2018 ,25
22/12/2018 ,28
23/12/2018 ,30
24/12/2018 ,30
25/12/2018 ,31
26/12/2018 ,30
27/12/2018 ,30
28/12/2018 ,30
29/12/2018 ,31
30/12/2018 ,31
31/12/2018 ,30
1/1/2019,31
2/1/2019,30
3/1/2019,30
4/1/2019,31
5/1/2019,32
6/1/2019,31
7/1/2019,31
8/1/2019,31
9/1/2019,31
10/1/2019,31
11/1/2019,30
12/1/2019,27
13/1/2019 ,31
14/1/2019 ,30
15/1/2019 ,30
16/1/2019 ,31
17/1/2019 ,31
18/1/2019 ,31
19/1/2019 ,31
20/1/2019 ,30
21/1/2019 ,30
22/1/2019 ,32
23/1/2019 ,31
24/1/2019 ,33
25/1/2019 ,30
26/1/2019 ,31
27/1/2019 ,31
28/1/2019 ,30
29/1/2019 ,32
30/1/2019 ,33
31/1/2019 ,35
1/2/2019,33
2/2/2019,32
3/2/2019,32
4/2/2019,29
5/2/2019,31
6/2/2019,28
7/2/2019,32
8/2/2019,31
9/2/2019,31
10/2/2019,31
11/2/2019,33
12/2/2019,33
13/2/2019 ,33
14/2/2019 ,32
15/2/2019 ,32
16/2/2019 ,29
17/2/2019 ,31
18/2/2019 ,31
19/2/2019 ,32
20/2/2019 ,34
21/2/2019 ,33
22/2/2019 ,34
23/2/2019 ,33
24/2/2019 ,32
25/2/2019 ,33
26/2/2019 ,30
27/2/2019 ,30
28/2/2019 ,30
1/3/2019,32
2/3/2019,33
3/3/2019,34
4/3/2019,31
5/3/2019,31
6/3/2019,31
7/3/2019,31
8/3/2019,31
9/3/2019,31
10/3/2019,34
11/3/2019,33
12/3/2019,32
13/3/2019 ,31
14/3/2019 ,32
15/3/2019 ,33
16/3/2019 ,33
17/3/2019 ,32
18/3/2019 ,32
19/3/2019 ,32
20/3/2019 ,32
21/3/2019 ,33
22/3/2019 ,32
23/3/2019 ,31
24/3/2019 ,35
25/3/2019 ,34
26/3/2019 ,34
27/3/2019 ,34
28/3/2019 ,32
29/3/2019 ,34
30/3/2019 ,32
31/3/2019 ,32
1/4/2019,34
2/4/2019,34
3/4/2019,33
4/4/2019,36
5/4/2019,35
6/4/2019,33
7/4/2019,32
8/4/2019,32
9/4/2019,33
10/4/2019,33
11/4/2019,32
12/4/2019,33
13/4/2019 ,33
14/4/2019 ,35
15/4/2019 ,33
16/4/2019 ,33
17/4/2019 ,33
18/4/2019 ,33
19/4/2019 ,32
20/4/2019 ,32
21/4/2019 ,30
22/4/2019 ,32
23/4/2019 ,32
24/4/2019 ,33
25/4/2019 ,32
26/4/2019 ,29
27/4/2019 ,31
28/4/2019 ,31
29/4/2019 ,29
30/4/2019 ,29
1/5/2019,30
2/5/2019,29
3/5/2019,29
4/5/2019,30
5/5/2019,31
6/5/2019,31
7/5/2019,31
8/5/2019,31
9/5/2019,31
10/5/2019,31
11/5/2019,32
12/5/2019,31
13/5/2019 ,31
14/5/2019 ,30
15/5/2019 ,31
16/5/2019 ,31
17/5/2019 ,30
18/5/2019 ,31
19/5/2019 ,31
20/5/2019 ,32
21/5/2019 ,31
22/5/2019 ,32
23/5/2019 ,31
24/5/2019 ,31
25/5/2019 ,31
26/5/2019 ,31
27/5/2019 ,31
28/5/2019 ,32
29/5/2019 ,31
30/5/2019 ,30
31/5/2019 ,30
1/6/2019,30
2/6/2019,31
3/6/2019,30
4/6/2019,30
5/6/2019,30
6/6/2019,29
7/6/2019,29
8/6/2019,29
9/6/2019,29
10/6/2019,29
11/6/2019,31
12/6/2019,30
13/6/2019 ,29
14/6/2019 ,30
15/6/2019 ,31
16/6/2019 ,30
17/6/2019 ,30
18/6/2019 ,30
19/6/2019 ,30
20/6/2019 ,29
21/6/2019 ,30
22/6/2019 ,29
23/6/2019 ,29
24/6/2019 ,29
25/6/2019 ,29
26/6/2019 ,29
27/6/2019 ,30
28/6/2019 ,30
29/6/2019 ,30
30/6/2019 ,30
1/7/2019,30
2/7/2019,30
3/7/2019,30
4/7/2019,30
5/7/2019,30
6/7/2019,30
7/7/2019,31
8/7/2019,31
9/7/2019,30
10/7/2019,30
11/7/2019,30
12/7/2019,30
13/7/2019 ,30
14/7/2019 ,30
15/7/2019 ,30
16/7/2019 ,29
17/7/2019 ,29
18/7/2019 ,28
19/7/2019 ,28
20/7/2019 ,29
21/7/2019 ,28
22/7/2019 ,29
23/7/2019 ,29
24/7/2019 ,29
25/7/2019 ,29
26/7/2019 ,29
27/7/2019 ,29
28/7/2019 ,29
29/7/2019 ,29
30/7/2019 ,29
31/7/2019 ,30
1/8/2019,29
2/8/2019,30
3/8/2019,30
4/8/2019,30
5/8/2019,29
6/8/2019,29
7/8/2019,29
8/8/2019,27
9/8/2019,29
10/8/2019,29
11/8/2019,28
12/8/2019,27
13/8/2019 ,27
14/8/2019 ,28
15/8/2019 ,29
16/8/2019 ,29
17/8/2019 ,28
18/8/2019 ,29
19/8/2019 ,29
20/8/2019 ,29
21/8/2019 ,28
22/8/2019 ,28
23/8/2019 ,27
24/8/2019 ,28
25/8/2019 ,28
26/8/2019 ,27
27/8/2019 ,29
28/8/2019 ,28
29/8/2019 ,29
30/8/2019 ,28
31/8/2019 ,28
1/9/2019,28
2/9/2019,29
3/9/2019,29
4/9/2019,29
5/9/2019,29
6/9/2019,29
7/9/2019,28
8/9/2019,30
9/9/2019,30
10/9/2019,30
11/9/2019,29
12/9/2019,29
13/9/2019 ,30
14/9/2019 ,30
15/9/2019 ,30
16/9/2019 ,0
17/9/2019 ,28
18/9/2019 ,29
19/9/2019 ,28
20/9/2019 ,29
21/9/2019 ,30
22/9/2019 ,28
23/9/2019 ,29
24/9/2019 ,28
25/9/2019 ,27
26/9/2019 ,29
27/9/2019 ,30
28/9/2019 ,31
29/9/2019 ,30
30/9/2019 ,32
1/10/2019,30
2/10/2019,31
3/10/2019,30
4/10/2019,31
5/10/2019,30
6/10/2019,30
7/10/2019,31
8/10/2019,30
9/10/2019,30
10/10/2019,30
11/10/2019,29
12/10/2019,32
13/10/2019 ,31
14/10/2019 ,31
15/10/2019 ,31
16/10/2019 ,29
17/10/2019 ,30
18/10/2019 ,31
19/10/2019 ,31
20/10/2019 ,29
21/10/2019 ,26
22/10/2019 ,29
23/10/2019 ,30
24/10/2019 ,28
25/10/2019 ,30
26/10/2019 ,29
27/10/2019 ,29
28/10/2019 ,26
29/10/2019 ,31
30/10/2019 ,26
31/10/2019 ,27
1/11/2019,31
2/11/2019,30
3/11/2019,31
4/11/2019,29
5/11/2019,30
6/11/2019,31
7/11/2019,31
8/11/2019,30
9/11/2019,30
10/11/2019,29
11/11/2019,31
12/11/2019,30
13/11/2019 ,31
14/11/2019 ,31
15/11/2019 ,31
16/11/2019 ,30
17/11/2019 ,30
18/11/2019 ,31
19/11/2019 ,32
20/11/2019 ,31
21/11/2019 ,32
22/11/2019 ,30
23/11/2019 ,30
24/11/2019 ,31
25/11/2019 ,32
26/11/2019 ,32
27/11/2019 ,32
28/11/2019 ,31
29/11/2019 ,30
30/11/2019 ,29
1/12/2019,25
2/12/2019,30
3/12/2019,30
4/12/2019,31
5/12/2019,31
6/12/2019,27
7/12/2019,29
8/12/2019,30
9/12/2019,31
10/12/2019,31
11/12/2019,30
12/12/2019,30
13/12/2019 ,30
14/12/2019 ,32
15/12/2019 ,31
16/12/2019 ,33
17/12/2019 ,31
18/12/2019 ,32
19/12/2019 ,32
20/12/2019 ,30
21/12/2019 ,29
22/12/2019 ,29
23/12/2019 ,31
24/12/2019 ,31
25/12/2019 ,31
26/12/2019 ,31
27/12/2019 ,31
28/12/2019 ,30
29/12/2019 ,33
30/12/2019 ,33
31/12/2019 ,30
