Date,Humidity
1/1/2009,62
2/1/2009,59
3/1/2009,58
4/1/2009,66
5/1/2009,68
6/1/2009,70
7/1/2009,74
8/1/2009,67
9/1/2009,80
10/1/2009,91
11/1/2009,72
12/1/2009,70
13/1/2009 ,74
14/1/2009 ,75
15/1/2009 ,67
16/1/2009 ,65
17/1/2009 ,68
18/1/2009 ,67
19/1/2009 ,66
20/1/2009 ,72
21/1/2009 ,68
22/1/2009 ,64
23/1/2009 ,65
24/1/2009 ,71
25/1/2009 ,75
26/1/2009 ,80
27/1/2009 ,83
28/1/2009 ,82
29/1/2009 ,73
30/1/2009 ,62
31/1/2009 ,66
1/2/2009,68
2/2/2009,63
3/2/2009,58
4/2/2009,61
5/2/2009,58
6/2/2009,56
7/2/2009,60
8/2/2009,66
9/2/2009,63
10/2/2009,65
11/2/2009,58
12/2/2009,63
13/2/2009 ,62
14/2/2009 ,61
15/2/2009 ,64
16/2/2009 ,68
17/2/2009 ,62
18/2/2009 ,60
19/2/2009 ,72
20/2/2009 ,75
21/2/2009 ,76
22/2/2009 ,80
23/2/2009 ,84
24/2/2009 ,79
25/2/2009 ,79
26/2/2009 ,81
27/2/2009 ,82
28/2/2009 ,77
1/3/2009,76
2/3/2009,73
3/3/2009,74
4/3/2009,74
5/3/2009,73
6/3/2009,76
7/3/2009,79
8/3/2009,77
9/3/2009,85
10/3/2009,81
11/3/2009,78
12/3/2009,82
13/3/2009 ,82
14/3/2009 ,85
15/3/2009 ,82
16/3/2009 ,81
17/3/2009 ,80
18/3/2009 ,77
19/3/2009 ,79
20/3/2009 ,80
21/3/2009 ,79
22/3/2009 ,74
23/3/2009 ,79
24/3/2009 ,85
25/3/2009 ,74
26/3/2009 ,80
27/3/2009 ,85
28/3/2009 ,83
29/3/2009 ,83
30/3/2009 ,83
31/3/2009 ,80
1/4/2009,81
2/4/2009,83
3/4/2009,80
4/4/2009,84
5/4/2009,81
6/4/2009,80
7/4/2009,82
8/4/2009,84
9/4/2009,83
10/4/2009,86
11/4/2009,84
12/4/2009,86
13/4/2009 ,84
14/4/2009 ,84
15/4/2009 ,82
16/4/2009 ,82
17/4/2009 ,80
18/4/2009 ,78
19/4/2009 ,77
20/4/2009 ,75
21/4/2009 ,76
22/4/2009 ,84
23/4/2009 ,82
24/4/2009 ,78
25/4/2009 ,78
26/4/2009 ,78
27/4/2009 ,78
28/4/2009 ,77
29/4/2009 ,73
30/4/2009 ,74
1/5/2009,77
2/5/2009,78
3/5/2009,82
4/5/2009,80
5/5/2009,81
6/5/2009,85
7/5/2009,84
8/5/2009,81
9/5/2009,82
10/5/2009,83
11/5/2009,84
12/5/2009,85
13/5/2009 ,82
14/5/2009 ,82
15/5/2009 ,82
16/5/2009 ,84
17/5/2009 ,81
18/5/2009 ,82
19/5/2009 ,87
20/5/2009 ,90
21/5/2009 ,88
22/5/2009 ,91
23/5/2009 ,92
24/5/2009 ,93
25/5/2009 ,93
26/5/2009 ,91
27/5/2009 ,91
28/5/2009 ,85
29/5/2009 ,88
30/5/2009 ,93
31/5/2009 ,94
1/6/2009,92
2/6/2009,89
3/6/2009,91
4/6/2009,93
5/6/2009,92
6/6/2009,86
7/6/2009,88
8/6/2009,89
9/6/2009,90
10/6/2009,88
11/6/2009,90
12/6/2009,91
13/6/2009 ,90
14/6/2009 ,88
15/6/2009 ,92
16/6/2009 ,92
17/6/2009 ,90
18/6/2009 ,90
19/6/2009 ,91
20/6/2009 ,87
21/6/2009 ,86
22/6/2009 ,89
23/6/2009 ,91
24/6/2009 ,92
25/6/2009 ,91
26/6/2009 ,91
27/6/2009 ,93
28/6/2009 ,93
29/6/2009 ,93
30/6/2009 ,93
1/7/2009,91
2/7/2009,90
3/7/2009,88
4/7/2009,90
5/7/2009,90
6/7/2009,92
7/7/2009,88
8/7/2009,89
9/7/2009,87
10/7/2009,89
11/7/2009,88
12/7/2009,84
13/7/2009 ,87
14/7/2009 ,91
15/7/2009 ,92
16/7/2009 ,90
17/7/2009 ,92
18/7/2009 ,88
19/7/2009 ,88
20/7/2009 ,89
21/7/2009 ,89
22/7/2009 ,90
23/7/2009 ,90
24/7/2009 ,88
25/7/2009 ,84
26/7/2009 ,88
27/7/2009 ,89
28/7/2009 ,91
29/7/2009 ,87
30/7/2009 ,89
31/7/2009 ,91
1/8/2009,91
2/8/2009,91
3/8/2009,89
4/8/2009,90
5/8/2009,88
6/8/2009,92
7/8/2009,91
8/8/2009,89
9/8/2009,88
10/8/2009,88
11/8/2009,88
12/8/2009,90
13/8/2009 ,91
14/8/2009 ,92
15/8/2009 ,93
16/8/2009 ,92
17/8/2009 ,94
18/8/2009 ,91
19/8/2009 ,87
20/8/2009 ,88
21/8/2009 ,85
22/8/2009 ,86
23/8/2009 ,89
24/8/2009 ,85
25/8/2009 ,87
26/8/2009 ,88
27/8/2009 ,91
28/8/2009 ,92
29/8/2009 ,92
30/8/2009 ,91
31/8/2009 ,92
1/9/2009,93
2/9/2009,94
3/9/2009,92
4/9/2009,92
5/9/2009,91
6/9/2009,92
7/9/2009,93
8/9/2009,94
9/9/2009,93
10/9/2009,91
11/9/2009,86
12/9/2009,86
13/9/2009 ,88
14/9/2009 ,90
15/9/2009 ,88
16/9/2009 ,89
17/9/2009 ,89
18/9/2009 ,92
19/9/2009 ,89
20/9/2009 ,89
21/9/2009 ,92
22/9/2009 ,92
23/9/2009 ,89
24/9/2009 ,90
25/9/2009 ,87
26/9/2009 ,85
27/9/2009 ,83
28/9/2009 ,87
29/9/2009 ,93
30/9/2009 ,91
1/10/2009,93
2/10/2009,92
3/10/2009,89
4/10/2009,86
5/10/2009,83
6/10/2009,85
7/10/2009,83
8/10/2009,86
9/10/2009,84
10/10/2009,82
11/10/2009,83
12/10/2009,84
13/10/2009 ,78
14/10/2009 ,79
15/10/2009 ,80
16/10/2009 ,79
17/10/2009 ,80
18/10/2009 ,85
19/10/2009 ,79
20/10/2009 ,78
21/10/2009 ,77
22/10/2009 ,73
23/10/2009 ,70
24/10/2009 ,73
25/10/2009 ,75
26/10/2009 ,77
27/10/2009 ,80
28/10/2009 ,79
29/10/2009 ,87
30/10/2009 ,86
31/10/2009 ,86
1/11/2009,93
2/11/2009,85
3/11/2009,86
4/11/2009,89
5/11/2009,88
6/11/2009,87
7/11/2009,88
8/11/2009,84
9/11/2009,84
10/11/2009,81
11/11/2009,76
12/11/2009,83
13/11/2009 ,91
14/11/2009 ,87
15/11/2009 ,92
16/11/2009 ,87
17/11/2009 ,92
18/11/2009 ,93
19/11/2009 ,88
20/11/2009 ,90
21/11/2009 ,91
22/11/2009 ,93
23/11/2009 ,87
24/11/2009 ,83
25/11/2009 ,85
26/11/2009 ,80
27/11/2009 ,75
28/11/2009 ,79
29/11/2009 ,82
30/11/2009 ,85
1/12/2009,90
2/12/2009,88
3/12/2009,89
4/12/2009,85
5/12/2009,78
6/12/2009,80
7/12/2009,78
8/12/2009,82
9/12/2009,82
10/12/2009,76
11/12/2009,83
12/12/2009,84
13/12/2009 ,87
14/12/2009 ,90
15/12/2009 ,93
16/12/2009 ,85
17/12/2009 ,82
18/12/2009 ,86
19/12/2009 ,87
20/12/2009 ,85
21/12/2009 ,87
22/12/2009 ,91
23/12/2009 ,83
24/12/2009 ,86
25/12/2009 ,90
26/12/2009 ,87
27/12/2009 ,91
28/12/2009 ,90
29/12/2009 ,85
30/12/2009 ,81
31/12/2009 ,76
1/1/2010,75
2/1/2010,79
3/1/2010,79
4/1/2010,73
5/1/2010,69
6/1/2010,70
7/1/2010,74
8/1/2010,88
9/1/2010,86
10/1/2010,78
11/1/2010,82
12/1/2010,83
13/1/2010 ,85
14/1/2010 ,84
15/1/2010 ,73
16/1/2010 ,76
17/1/2010 ,77
18/1/2010 ,76
19/1/2010 ,71
20/1/2010 ,67
21/1/2010 ,66
22/1/2010 ,68
23/1/2010 ,67
24/1/2010 ,69
25/1/2010 ,69
26/1/2010 ,70
27/1/2010 ,74
28/1/2010 ,69
29/1/2010 ,70
30/1/2010 ,76
31/1/2010 ,81
1/2/2010,79
2/2/2010,78
3/2/2010,75
4/2/2010,73
5/2/2010,75
6/2/2010,67
7/2/2010,65
8/2/2010,63
9/2/2010,67
10/2/2010,83
11/2/2010,79
12/2/2010,74
13/2/2010 ,86
14/2/2010 ,72
15/2/2010 ,69
16/2/2010 ,81
17/2/2010 ,85
18/2/2010 ,76
19/2/2010 ,78
20/2/2010 ,76
21/2/2010 ,71
22/2/2010 ,66
23/2/2010 ,71
24/2/2010 ,76
25/2/2010 ,74
26/2/2010 ,74
27/2/2010 ,68
28/2/2010 ,71
1/3/2010,65
2/3/2010,63
3/3/2010,59
4/3/2010,66
5/3/2010,67
6/3/2010,68
7/3/2010,76
8/3/2010,77
9/3/2010,76
10/3/2010,71
11/3/2010,67
12/3/2010,75
13/3/2010 ,77
14/3/2010 ,75
15/3/2010 ,75
16/3/2010 ,76
17/3/2010 ,70
18/3/2010 ,73
19/3/2010 ,75
20/3/2010 ,74
21/3/2010 ,75
22/3/2010 ,75
23/3/2010 ,80
24/3/2010 ,81
25/3/2010 ,73
26/3/2010 ,79
27/3/2010 ,85
28/3/2010 ,72
29/3/2010 ,85
30/3/2010 ,81
31/3/2010 ,84
1/4/2010,80
2/4/2010,80
3/4/2010,79
4/4/2010,80
5/4/2010,82
6/4/2010,77
7/4/2010,83
8/4/2010,81
9/4/2010,85
10/4/2010,82
11/4/2010,87
12/4/2010,90
13/4/2010 ,86
14/4/2010 ,81
15/4/2010 ,79
16/4/2010 ,87
17/4/2010 ,87
18/4/2010 ,85
19/4/2010 ,86
20/4/2010 ,82
21/4/2010 ,85
22/4/2010 ,85
23/4/2010 ,88
24/4/2010 ,87
25/4/2010 ,83
26/4/2010 ,86
27/4/2010 ,85
28/4/2010 ,82
29/4/2010 ,86
30/4/2010 ,86
1/5/2010,84
2/5/2010,81
3/5/2010,84
4/5/2010,87
5/5/2010,89
6/5/2010,87
7/5/2010,84
8/5/2010,88
9/5/2010,89
10/5/2010,80
11/5/2010,84
12/5/2010,87
13/5/2010 ,88
14/5/2010 ,91
15/5/2010 ,88
16/5/2010 ,88
17/5/2010 ,91
18/5/2010 ,92
19/5/2010 ,91
20/5/2010 ,91
21/5/2010 ,90
22/5/2010 ,90
23/5/2010 ,92
24/5/2010 ,92
25/5/2010 ,88
26/5/2010 ,87
27/5/2010 ,87
28/5/2010 ,91
29/5/2010 ,89
30/5/2010 ,90
31/5/2010 ,87
1/6/2010,86
2/6/2010,89
3/6/2010,88
4/6/2010,91
5/6/2010,90
6/6/2010,88
7/6/2010,91
8/6/2010,91
9/6/2010,90
10/6/2010,91
11/6/2010,91
12/6/2010,92
13/6/2010 ,89
14/6/2010 ,89
15/6/2010 ,85
16/6/2010 ,88
17/6/2010 ,89
18/6/2010 ,88
19/6/2010 ,87
20/6/2010 ,88
21/6/2010 ,89
22/6/2010 ,90
23/6/2010 ,91
24/6/2010 ,86
25/6/2010 ,89
26/6/2010 ,86
27/6/2010 ,85
28/6/2010 ,90
29/6/2010 ,88
30/6/2010 ,89
1/7/2010,90
2/7/2010,89
3/7/2010,85
4/7/2010,90
5/7/2010,92
6/7/2010,90
7/7/2010,84
8/7/2010,89
9/7/2010,87
10/7/2010,87
11/7/2010,81
12/7/2010,83
13/7/2010 ,88
14/7/2010 ,88
15/7/2010 ,92
16/7/2010 ,91
17/7/2010 ,88
18/7/2010 ,91
19/7/2010 ,92
20/7/2010 ,90
21/7/2010 ,84
22/7/2010 ,90
23/7/2010 ,89
24/7/2010 ,88
25/7/2010 ,89
26/7/2010 ,83
27/7/2010 ,87
28/7/2010 ,90
29/7/2010 ,87
30/7/2010 ,88
31/7/2010 ,84
1/8/2010,83
2/8/2010,84
3/8/2010,89
4/8/2010,86
5/8/2010,87
6/8/2010,86
7/8/2010,85
8/8/2010,85
9/8/2010,83
10/8/2010,84
11/8/2010,83
12/8/2010,84
13/8/2010 ,83
14/8/2010 ,83
15/8/2010 ,86
16/8/2010 ,85
17/8/2010 ,85
18/8/2010 ,88
19/8/2010 ,86
20/8/2010 ,83
21/8/2010 ,86
22/8/2010 ,85
23/8/2010 ,86
24/8/2010 ,90
25/8/2010 ,89
26/8/2010 ,85
27/8/2010 ,83
28/8/2010 ,83
29/8/2010 ,85
30/8/2010 ,85
31/8/2010 ,82
1/9/2010,84
2/9/2010,86
3/9/2010,86
4/9/2010,85
5/9/2010,81
6/9/2010,83
7/9/2010,82
8/9/2010,82
9/9/2010,80
10/9/2010,80
11/9/2010,80
12/9/2010,82
13/9/2010 ,87
14/9/2010 ,83
15/9/2010 ,81
16/9/2010 ,82
17/9/2010 ,85
18/9/2010 ,88
19/9/2010 ,85
20/9/2010 ,83
21/9/2010 ,84
22/9/2010 ,81
23/9/2010 ,80
24/9/2010 ,79
25/9/2010 ,80
26/9/2010 ,80
27/9/2010 ,80
28/9/2010 ,82
29/9/2010 ,83
30/9/2010 ,82
1/10/2010,84
2/10/2010,84
3/10/2010,84
4/10/2010,85
5/10/2010,88
6/10/2010,88
7/10/2010,90
8/10/2010,90
9/10/2010,91
10/10/2010,88
11/10/2010,84
12/10/2010,83
13/10/2010 ,80
14/10/2010 ,79
15/10/2010 ,77
16/10/2010 ,84
17/10/2010 ,84
18/10/2010 ,82
19/10/2010 ,83
20/10/2010 ,81
21/10/2010 ,82
22/10/2010 ,80
23/10/2010 ,80
24/10/2010 ,82
25/10/2010 ,82
26/10/2010 ,82
27/10/2010 ,83
28/10/2010 ,81
29/10/2010 ,82
30/10/2010 ,78
31/10/2010 ,79
1/11/2010,80
2/11/2010,77
3/11/2010,81
4/11/2010,81
5/11/2010,83
6/11/2010,80
7/11/2010,87
8/11/2010,81
9/11/2010,79
10/11/2010,78
11/11/2010,78
12/11/2010,80
13/11/2010 ,80
14/11/2010 ,78
15/11/2010 ,80
16/11/2010 ,78
17/11/2010 ,77
18/11/2010 ,76
19/11/2010 ,79
20/11/2010 ,81
21/11/2010 ,84
22/11/2010 ,82
23/11/2010 ,80
24/11/2010 ,82
25/11/2010 ,82
26/11/2010 ,82
27/11/2010 ,82
28/11/2010 ,85
29/11/2010 ,80
30/11/2010 ,82
1/12/2010,86
2/12/2010,84
3/12/2010,84
4/12/2010,92
5/12/2010,87
6/12/2010,78
7/12/2010,82
8/12/2010,83
9/12/2010,85
10/12/2010,82
11/12/2010,83
12/12/2010,81
13/12/2010 ,81
14/12/2010 ,83
15/12/2010 ,83
16/12/2010 ,83
17/12/2010 ,78
18/12/2010 ,77
19/12/2010 ,72
20/12/2010 ,75
21/12/2010 ,79
22/12/2010 ,79
23/12/2010 ,79
24/12/2010 ,84
25/12/2010 ,85
26/12/2010 ,76
27/12/2010 ,74
28/12/2010 ,81
29/12/2010 ,79
30/12/2010 ,76
31/12/2010 ,78
1/1/2011,76
2/1/2011,76
3/1/2011,73
4/1/2011,75
5/1/2011,80
6/1/2011,77
7/1/2011,78
8/1/2011,77
9/1/2011,77
10/1/2011,76
11/1/2011,76
12/1/2011,78
13/1/2011 ,78
14/1/2011 ,79
15/1/2011 ,83
16/1/2011 ,82
17/1/2011 ,83
18/1/2011 ,79
19/1/2011 ,73
20/1/2011 ,68
21/1/2011 ,69
22/1/2011 ,72
23/1/2011 ,69
24/1/2011 ,70
25/1/2011 ,76
26/1/2011 ,76
27/1/2011 ,78
28/1/2011 ,79
29/1/2011 ,74
30/1/2011 ,82
31/1/2011 ,84
1/2/2011,80
2/2/2011,90
3/2/2011,88
4/2/2011,88
5/2/2011,80
6/2/2011,81
7/2/2011,84
8/2/2011,79
9/2/2011,75
10/2/2011,73
11/2/2011,69
12/2/2011,70
13/2/2011 ,73
14/2/2011 ,82
15/2/2011 ,81
16/2/2011 ,80
17/2/2011 ,80
18/2/2011 ,83
19/2/2011 ,84
20/2/2011 ,85
21/2/2011 ,85
22/2/2011 ,79
23/2/2011 ,74
24/2/2011 ,72
25/2/2011 ,74
26/2/2011 ,73
27/2/2011 ,75
28/2/2011 ,76
1/3/2011,72
2/3/2011,71
3/3/2011,75
4/3/2011,76
5/3/2011,76
6/3/2011,77
7/3/2011,80
8/3/2011,80
9/3/2011,79
10/3/2011,80
11/3/2011,76
12/3/2011,73
13/3/2011 ,75
14/3/2011 ,74
15/3/2011 ,75
16/3/2011 ,76
17/3/2011 ,70
18/3/2011 ,70
19/3/2011 ,76
20/3/2011 ,78
21/3/2011 ,78
22/3/2011 ,79
23/3/2011 ,78
24/3/2011 ,78
25/3/2011 ,79
26/3/2011 ,78
27/3/2011 ,77
28/3/2011 ,78
29/3/2011 ,76
30/3/2011 ,75
31/3/2011 ,78
1/4/2011,78
2/4/2011,78
3/4/2011,77
4/4/2011,79
5/4/2011,78
6/4/2011,76
7/4/2011,75
8/4/2011,77
9/4/2011,77
10/4/2011,80
11/4/2011,81
12/4/2011,83
13/4/2011 ,79
14/4/2011 ,76
15/4/2011 ,75
16/4/2011 ,77
17/4/2011 ,77
18/4/2011 ,77
19/4/2011 ,81
20/4/2011 ,83
21/4/2011 ,79
22/4/2011 ,78
23/4/2011 ,76
24/4/2011 ,77
25/4/2011 ,74
26/4/2011 ,76
27/4/2011 ,73
28/4/2011 ,81
29/4/2011 ,80
30/4/2011 ,77
1/5/2011,78
2/5/2011,81
3/5/2011,80
4/5/2011,80
5/5/2011,81
6/5/2011,79
7/5/2011,78
8/5/2011,77
9/5/2011,75
10/5/2011,75
11/5/2011,74
12/5/2011,74
13/5/2011 ,73
14/5/2011 ,72
15/5/2011 ,74
16/5/2011 ,75
17/5/2011 ,76
18/5/2011 ,73
19/5/2011 ,72
20/5/2011 ,73
21/5/2011 ,73
22/5/2011 ,72
23/5/2011 ,74
24/5/2011 ,74
25/5/2011 ,74
26/5/2011 ,72
27/5/2011 ,75
28/5/2011 ,77
29/5/2011 ,83
30/5/2011 ,84
31/5/2011 ,79
1/6/2011,80
2/6/2011,79
3/6/2011,78
4/6/2011,77
5/6/2011,78
6/6/2011,79
7/6/2011,76
8/6/2011,73
9/6/2011,75
10/6/2011,76
11/6/2011,74
12/6/2011,73
13/6/2011 ,73
14/6/2011 ,79
15/6/2011 ,77
16/6/2011 ,76
17/6/2011 ,76
18/6/2011 ,76
19/6/2011 ,75
20/6/2011 ,77
21/6/2011 ,75
22/6/2011 ,73
23/6/2011 ,75
24/6/2011 ,75
25/6/2011 ,78
26/6/2011 ,79
27/6/2011 ,83
28/6/2011 ,79
29/6/2011 ,79
30/6/2011 ,79
1/7/2011,76
2/7/2011,75
3/7/2011,77
4/7/2011,75
5/7/2011,75
6/7/2011,80
7/7/2011,74
8/7/2011,76
9/7/2011,78
10/7/2011,75
11/7/2011,80
12/7/2011,82
13/7/2011 ,82
14/7/2011 ,82
15/7/2011 ,79
16/7/2011 ,77
17/7/2011 ,75
18/7/2011 ,75
19/7/2011 ,77
20/7/2011 ,80
21/7/2011 ,80
22/7/2011 ,80
23/7/2011 ,79
24/7/2011 ,80
25/7/2011 ,83
26/7/2011 ,79
27/7/2011 ,79
28/7/2011 ,80
29/7/2011 ,79
30/7/2011 ,78
31/7/2011 ,79
1/8/2011,82
2/8/2011,80
3/8/2011,78
4/8/2011,77
5/8/2011,77
6/8/2011,76
7/8/2011,79
8/8/2011,79
9/8/2011,78
10/8/2011,76
11/8/2011,77
12/8/2011,79
13/8/2011 ,76
14/8/2011 ,78
15/8/2011 ,76
16/8/2011 ,75
17/8/2011 ,82
18/8/2011 ,78
19/8/2011 ,77
20/8/2011 ,77
21/8/2011 ,76
22/8/2011 ,75
23/8/2011 ,74
24/8/2011 ,75
25/8/2011 ,77
26/8/2011 ,78
27/8/2011 ,77
28/8/2011 ,76
29/8/2011 ,76
30/8/2011 ,77
31/8/2011 ,77
1/9/2011,75
2/9/2011,73
3/9/2011,73
4/9/2011,73
5/9/2011,75
6/9/2011,77
7/9/2011,76
8/9/2011,76
9/9/2011,77
10/9/2011,78
11/9/2011,80
12/9/2011,83
13/9/2011 ,85
14/9/2011 ,83
15/9/2011 ,82
16/9/2011 ,81
17/9/2011 ,78
18/9/2011 ,77
19/9/2011 ,78
20/9/2011 ,76
21/9/2011 ,79
22/9/2011 ,79
23/9/2011 ,78
24/9/2011 ,76
25/9/2011 ,76
26/9/2011 ,77
27/9/2011 ,76
28/9/2011 ,75
29/9/2011 ,75
30/9/2011 ,75
1/10/2011,74
2/10/2011,74
3/10/2011,77
4/10/2011,75
5/10/2011,75
6/10/2011,73
7/10/2011,74
8/10/2011,73
9/10/2011,75
10/10/2011,73
11/10/2011,73
12/10/2011,72
13/10/2011 ,75
14/10/2011 ,73
15/10/2011 ,74
16/10/2011 ,72
17/10/2011 ,72
18/10/2011 ,69
19/10/2011 ,72
20/10/2011 ,72
21/10/2011 ,73
22/10/2011 ,73
23/10/2011 ,76
24/10/2011 ,78
25/10/2011 ,76
26/10/2011 ,73
27/10/2011 ,75
28/10/2011 ,75
29/10/2011 ,76
30/10/2011 ,77
31/10/2011 ,75
1/11/2011,80
2/11/2011,73
3/11/2011,73
4/11/2011,74
5/11/2011,75
6/11/2011,76
7/11/2011,74
8/11/2011,71
9/11/2011,66
10/11/2011,58
11/11/2011,65
12/11/2011,70
13/11/2011 ,73
14/11/2011 ,70
15/11/2011 ,70
16/11/2011 ,74
17/11/2011 ,75
18/11/2011 ,74
19/11/2011 ,74
20/11/2011 ,76
21/11/2011 ,75
22/11/2011 ,72
23/11/2011 ,72
24/11/2011 ,75
25/11/2011 ,79
26/11/2011 ,77
27/11/2011 ,76
28/11/2011 ,78
29/11/2011 ,75
30/11/2011 ,76
1/12/2011,74
2/12/2011,75
3/12/2011,75
4/12/2011,73
5/12/2011,71
6/12/2011,73
7/12/2011,70
8/12/2011,70
9/12/2011,74
10/12/2011,75
11/12/2011,77
12/12/2011,79
13/12/2011 ,75
14/12/2011 ,74
15/12/2011 ,68
16/12/2011 ,71
17/12/2011 ,72
18/12/2011 ,76
19/12/2011 ,78
20/12/2011 ,82
21/12/2011 ,76
22/12/2011 ,74
23/12/2011 ,81
24/12/2011 ,75
25/12/2011 ,74
26/12/2011 ,77
27/12/2011 ,70
28/12/2011 ,70
29/12/2011 ,80
30/12/2011 ,75
31/12/2011 ,73
1/1/2012,73
2/1/2012,74
3/1/2012,73
4/1/2012,77
5/1/2012,78
6/1/2012,74
7/1/2012,74
8/1/2012,78
9/1/2012,76
10/1/2012,76
11/1/2012,74
12/1/2012,69
13/1/2012 ,65
14/1/2012 ,66
15/1/2012 ,64
16/1/2012 ,69
17/1/2012 ,72
18/1/2012 ,73
19/1/2012 ,76
20/1/2012 ,74
21/1/2012 ,71
22/1/2012 ,71
23/1/2012 ,67
24/1/2012 ,67
25/1/2012 ,68
26/1/2012 ,69
27/1/2012 ,71
28/1/2012 ,69
29/1/2012 ,67
30/1/2012 ,64
31/1/2012 ,68
1/2/2012,65
2/2/2012,69
3/2/2012,71
4/2/2012,72
5/2/2012,78
6/2/2012,79
7/2/2012,78
8/2/2012,78
9/2/2012,76
10/2/2012,77
11/2/2012,73
12/2/2012,69
13/2/2012 ,71
14/2/2012 ,78
15/2/2012 ,79
16/2/2012 ,77
17/2/2012 ,77
18/2/2012 ,67
19/2/2012 ,66
20/2/2012 ,71
21/2/2012 ,65
22/2/2012 ,63
23/2/2012 ,66
24/2/2012 ,68
25/2/2012 ,61
26/2/2012 ,72
27/2/2012 ,73
28/2/2012 ,79
29/2/2012 ,74
1/3/2012,79
2/3/2012,78
3/3/2012,79
4/3/2012,80
5/3/2012,78
6/3/2012,79
7/3/2012,79
8/3/2012,78
9/3/2012,74
10/3/2012,75
11/3/2012,75
12/3/2012,74
13/3/2012 ,74
14/3/2012 ,75
15/3/2012 ,74
16/3/2012 ,75
17/3/2012 ,73
18/3/2012 ,76
19/3/2012 ,78
20/3/2012 ,76
21/3/2012 ,74
22/3/2012 ,73
23/3/2012 ,74
24/3/2012 ,72
25/3/2012 ,70
26/3/2012 ,69
27/3/2012 ,72
28/3/2012 ,73
29/3/2012 ,76
30/3/2012 ,75
31/3/2012 ,75
1/4/2012,74
2/4/2012,72
3/4/2012,71
4/4/2012,71
5/4/2012,73
6/4/2012,73
7/4/2012,74
8/4/2012,75
9/4/2012,70
10/4/2012,70
11/4/2012,73
12/4/2012,72
13/4/2012 ,71
14/4/2012 ,72
15/4/2012 ,71
16/4/2012 ,74
17/4/2012 ,82
18/4/2012 ,81
19/4/2012 ,76
20/4/2012 ,74
21/4/2012 ,69
22/4/2012 ,73
23/4/2012 ,74
24/4/2012 ,80
25/4/2012 ,75
26/4/2012 ,73
27/4/2012 ,72
28/4/2012 ,72
29/4/2012 ,73
30/4/2012 ,75
1/5/2012,74
2/5/2012,73
3/5/2012,71
4/5/2012,73
5/5/2012,72
6/5/2012,76
7/5/2012,76
8/5/2012,76
9/5/2012,72
10/5/2012,73
11/5/2012,74
12/5/2012,72
13/5/2012 ,72
14/5/2012 ,75
15/5/2012 ,77
16/5/2012 ,76
17/5/2012 ,73
18/5/2012 ,77
19/5/2012 ,77
20/5/2012 ,78
21/5/2012 ,76
22/5/2012 ,75
23/5/2012 ,75
24/5/2012 ,76
25/5/2012 ,76
26/5/2012 ,78
27/5/2012 ,78
28/5/2012 ,76
29/5/2012 ,77
30/5/2012 ,77
31/5/2012 ,78
1/6/2012,77
2/6/2012,78
3/6/2012,78
4/6/2012,77
5/6/2012,77
6/6/2012,78
7/6/2012,78
8/6/2012,79
9/6/2012,81
10/6/2012,80
11/6/2012,77
12/6/2012,75
13/6/2012 ,77
14/6/2012 ,76
15/6/2012 ,75
16/6/2012 ,75
17/6/2012 ,75
18/6/2012 ,75
19/6/2012 ,75
20/6/2012 ,80
21/6/2012 ,77
22/6/2012 ,77
23/6/2012 ,77
24/6/2012 ,76
25/6/2012 ,75
26/6/2012 ,75
27/6/2012 ,75
28/6/2012 ,75
29/6/2012 ,75
30/6/2012 ,78
1/7/2012,80
2/7/2012,79
3/7/2012,81
4/7/2012,79
5/7/2012,77
6/7/2012,77
7/7/2012,77
8/7/2012,79
9/7/2012,80
10/7/2012,79
11/7/2012,79
12/7/2012,77
13/7/2012 ,78
14/7/2012 ,79
15/7/2012 ,78
16/7/2012 ,79
17/7/2012 ,79
18/7/2012 ,77
19/7/2012 ,77
20/7/2012 ,80
21/7/2012 ,79
22/7/2012 ,79
23/7/2012 ,78
24/7/2012 ,78
25/7/2012 ,80
26/7/2012 ,79
27/7/2012 ,77
28/7/2012 ,77
29/7/2012 ,74
30/7/2012 ,75
31/7/2012 ,76
1/8/2012,75
2/8/2012,75
3/8/2012,74
4/8/2012,75
5/8/2012,75
6/8/2012,75
7/8/2012,72
8/8/2012,84
9/8/2012,74
10/8/2012,76
11/8/2012,71
12/8/2012,71
13/8/2012 ,73
14/8/2012 ,75
15/8/2012 ,74
16/8/2012 ,73
17/8/2012 ,78
18/8/2012 ,77
19/8/2012 ,77
20/8/2012 ,74
21/8/2012 ,74
22/8/2012 ,75
23/8/2012 ,74
24/8/2012 ,74
25/8/2012 ,76
26/8/2012 ,77
27/8/2012 ,81
28/8/2012 ,78
29/8/2012 ,81
30/8/2012 ,79
31/8/2012 ,75
1/9/2012,74
2/9/2012,75
3/9/2012,80
4/9/2012,75
5/9/2012,75
6/9/2012,77
7/9/2012,79
8/9/2012,76
9/9/2012,82
10/9/2012,79
11/9/2012,77
12/9/2012,76
13/9/2012 ,76
14/9/2012 ,75
15/9/2012 ,77
16/9/2012 ,78
17/9/2012 ,78
18/9/2012 ,76
19/9/2012 ,75
20/9/2012 ,74
21/9/2012 ,73
22/9/2012 ,73
23/9/2012 ,79
24/9/2012 ,76
25/9/2012 ,75
26/9/2012 ,75
27/9/2012 ,74
28/9/2012 ,75
29/9/2012 ,75
30/9/2012 ,73
1/10/2012,75
2/10/2012,72
3/10/2012,72
4/10/2012,70
5/10/2012,72
6/10/2012,75
7/10/2012,75
8/10/2012,74
9/10/2012,73
10/10/2012,72
11/10/2012,72
12/10/2012,73
13/10/2012 ,71
14/10/2012 ,71
15/10/2012 ,74
16/10/2012 ,74
17/10/2012 ,72
18/10/2012 ,75
19/10/2012 ,77
20/10/2012 ,75
21/10/2012 ,76
22/10/2012 ,78
23/10/2012 ,82
24/10/2012 ,79
25/10/2012 ,76
26/10/2012 ,74
27/10/2012 ,74
28/10/2012 ,73
29/10/2012 ,88
30/10/2012 ,84
31/10/2012 ,84
1/11/2012,84
2/11/2012,81
3/11/2012,77
4/11/2012,76
5/11/2012,77
6/11/2012,75
7/11/2012,77
8/11/2012,78
9/11/2012,78
10/11/2012,76
11/11/2012,76
12/11/2012,70
13/11/2012 ,74
14/11/2012 ,77
15/11/2012 ,77
16/11/2012 ,82
17/11/2012 ,71
18/11/2012 ,69
19/11/2012 ,74
20/11/2012 ,70
21/11/2012 ,71
22/11/2012 ,76
23/11/2012 ,79
24/11/2012 ,79
25/11/2012 ,78
26/11/2012 ,82
27/11/2012 ,83
28/11/2012 ,75
29/11/2012 ,73
30/11/2012 ,69
1/12/2012,63
2/12/2012,70
3/12/2012,78
4/12/2012,78
5/12/2012,78
6/12/2012,81
7/12/2012,79
8/12/2012,78
9/12/2012,75
10/12/2012,77
11/12/2012,74
12/12/2012,76
13/12/2012 ,72
14/12/2012 ,67
15/12/2012 ,77
16/12/2012 ,83
17/12/2012 ,82
18/12/2012 ,78
19/12/2012 ,77
20/12/2012 ,75
21/12/2012 ,77
22/12/2012 ,86
23/12/2012 ,80
24/12/2012 ,79
25/12/2012 ,79
26/12/2012 ,78
27/12/2012 ,81
28/12/2012 ,83
29/12/2012 ,81
30/12/2012 ,79
31/12/2012 ,75
1/1/2013,74
2/1/2013,73
3/1/2013,75
4/1/2013,87
5/1/2013,79
6/1/2013,75
7/1/2013,82
8/1/2013,80
9/1/2013,77
10/1/2013,78
11/1/2013,75
12/1/2013,71
13/1/2013 ,64
14/1/2013 ,69
15/1/2013 ,68
16/1/2013 ,64
17/1/2013 ,65
18/1/2013 ,71
19/1/2013 ,67
20/1/2013 ,73
21/1/2013 ,71
22/1/2013 ,67
23/1/2013 ,77
24/1/2013 ,78
25/1/2013 ,81
26/1/2013 ,73
27/1/2013 ,69
28/1/2013 ,66
29/1/2013 ,65
30/1/2013 ,63
31/1/2013 ,62
1/2/2013,68
2/2/2013,70
3/2/2013,71
4/2/2013,74
5/2/2013,70
6/2/2013,76
7/2/2013,78
8/2/2013,79
9/2/2013,78
10/2/2013,75
11/2/2013,79
12/2/2013,77
13/2/2013 ,78
14/2/2013 ,79
15/2/2013 ,74
16/2/2013 ,76
17/2/2013 ,76
18/2/2013 ,76
19/2/2013 ,76
20/2/2013 ,69
21/2/2013 ,68
22/2/2013 ,67
23/2/2013 ,66
24/2/2013 ,71
25/2/2013 ,71
26/2/2013 ,67
27/2/2013 ,65
28/2/2013 ,63
1/3/2013,69
2/3/2013,72
3/3/2013,64
4/3/2013,81
5/3/2013,75
6/3/2013,78
7/3/2013,77
8/3/2013,78
9/3/2013,76
10/3/2013,78
11/3/2013,79
12/3/2013,79
13/3/2013 ,75
14/3/2013 ,75
15/3/2013 ,75
16/3/2013 ,75
17/3/2013 ,72
18/3/2013 ,72
19/3/2013 ,75
20/3/2013 ,74
21/3/2013 ,76
22/3/2013 ,74
23/3/2013 ,73
24/3/2013 ,79
25/3/2013 ,78
26/3/2013 ,80
27/3/2013 ,75
28/3/2013 ,75
29/3/2013 ,72
30/3/2013 ,74
31/3/2013 ,74
1/4/2013,73
2/4/2013,74
3/4/2013,72
4/4/2013,73
5/4/2013,74
6/4/2013,74
7/4/2013,74
8/4/2013,74
9/4/2013,73
10/4/2013,70
11/4/2013,73
12/4/2013,73
13/4/2013 ,73
14/4/2013 ,75
15/4/2013 ,76
16/4/2013 ,75
17/4/2013 ,75
18/4/2013 ,75
19/4/2013 ,75
20/4/2013 ,73
21/4/2013 ,71
22/4/2013 ,74
23/4/2013 ,75
24/4/2013 ,75
25/4/2013 ,74
26/4/2013 ,71
27/4/2013 ,71
28/4/2013 ,74
29/4/2013 ,74
30/4/2013 ,73
1/5/2013,74
2/5/2013,75
3/5/2013,76
4/5/2013,81
5/5/2013,76
6/5/2013,80
7/5/2013,77
8/5/2013,75
9/5/2013,75
10/5/2013,77
11/5/2013,79
12/5/2013,79
13/5/2013 ,82
14/5/2013 ,81
15/5/2013 ,78
16/5/2013 ,77
17/5/2013 ,76
18/5/2013 ,78
19/5/2013 ,77
20/5/2013 ,79
21/5/2013 ,75
22/5/2013 ,74
23/5/2013 ,75
24/5/2013 ,77
25/5/2013 ,76
26/5/2013 ,74
27/5/2013 ,74
28/5/2013 ,73
29/5/2013 ,76
30/5/2013 ,79
31/5/2013 ,81
1/6/2013,82
2/6/2013,83
3/6/2013,84
4/6/2013,84
5/6/2013,84
6/6/2013,82
7/6/2013,81
8/6/2013,86
9/6/2013,82
10/6/2013,82
11/6/2013,83
12/6/2013,84
13/6/2013 ,85
14/6/2013 ,83
15/6/2013 ,82
16/6/2013 ,82
17/6/2013 ,82
18/6/2013 ,83
19/6/2013 ,83
20/6/2013 ,82
21/6/2013 ,84
22/6/2013 ,86
23/6/2013 ,86
24/6/2013 ,85
25/6/2013 ,82
26/6/2013 ,80
27/6/2013 ,79
28/6/2013 ,78
29/6/2013 ,80
30/6/2013 ,77
1/7/2013,79
2/7/2013,81
3/7/2013,80
4/7/2013,81
5/7/2013,82
6/7/2013,79
7/7/2013,83
8/7/2013,84
9/7/2013,82
10/7/2013,85
11/7/2013,83
12/7/2013,82
13/7/2013 ,80
14/7/2013 ,83
15/7/2013 ,84
16/7/2013 ,85
17/7/2013 ,82
18/7/2013 ,82
19/7/2013 ,84
20/7/2013 ,82
21/7/2013 ,80
22/7/2013 ,82
23/7/2013 ,79
24/7/2013 ,76
25/7/2013 ,78
26/7/2013 ,76
27/7/2013 ,78
28/7/2013 ,81
29/7/2013 ,79
30/7/2013 ,82
31/7/2013 ,81
1/8/2013,79
2/8/2013,78
3/8/2013,81
4/8/2013,83
5/8/2013,85
6/8/2013,82
7/8/2013,82
8/8/2013,81
9/8/2013,82
10/8/2013,83
11/8/2013,83
12/8/2013,84
13/8/2013 ,82
14/8/2013 ,80
15/8/2013 ,80
16/8/2013 ,79
17/8/2013 ,77
18/8/2013 ,79
19/8/2013 ,79
20/8/2013 ,80
21/8/2013 ,78
22/8/2013 ,79
23/8/2013 ,79
24/8/2013 ,79
25/8/2013 ,78
26/8/2013 ,79
27/8/2013 ,80
28/8/2013 ,80
29/8/2013 ,77
30/8/2013 ,77
31/8/2013 ,75
1/9/2013,77
2/9/2013,77
3/9/2013,78
4/9/2013,75
5/9/2013,74
6/9/2013,77
7/9/2013,77
8/9/2013,81
9/9/2013,82
10/9/2013,84
11/9/2013,83
12/9/2013,84
13/9/2013 ,82
14/9/2013 ,84
15/9/2013 ,81
16/9/2013 ,80
17/9/2013 ,80
18/9/2013 ,81
19/9/2013 ,82
20/9/2013 ,84
21/9/2013 ,81
22/9/2013 ,79
23/9/2013 ,79
24/9/2013 ,77
25/9/2013 ,79
26/9/2013 ,78
27/9/2013 ,78
28/9/2013 ,78
29/9/2013 ,75
30/9/2013 ,76
1/10/2013,77
2/10/2013,76
3/10/2013,75
4/10/2013,74
5/10/2013,75
6/10/2013,74
7/10/2013,75
8/10/2013,74
9/10/2013,75
10/10/2013,76
11/10/2013,76
12/10/2013,78
13/10/2013 ,77
14/10/2013 ,77
15/10/2013 ,77
16/10/2013 ,76
17/10/2013 ,74
18/10/2013 ,75
19/10/2013 ,76
20/10/2013 ,80
21/10/2013 ,78
22/10/2013 ,79
23/10/2013 ,77
24/10/2013 ,76
25/10/2013 ,76
26/10/2013 ,73
27/10/2013 ,75
28/10/2013 ,76
29/10/2013 ,77
30/10/2013 ,76
31/10/2013 ,78
1/11/2013,76
2/11/2013,78
3/11/2013,75
4/11/2013,74
5/11/2013,72
6/11/2013,73
7/11/2013,69
8/11/2013,68
9/11/2013,72
10/11/2013,76
11/11/2013,77
12/11/2013,76
13/11/2013 ,73
14/11/2013 ,70
15/11/2013 ,70
16/11/2013 ,69
17/11/2013 ,74
18/11/2013 ,73
19/11/2013 ,74
20/11/2013 ,71
21/11/2013 ,71
22/11/2013 ,74
23/11/2013 ,76
24/11/2013 ,76
25/11/2013 ,73
26/11/2013 ,72
27/11/2013 ,67
28/11/2013 ,66
29/11/2013 ,72
30/11/2013 ,70
1/12/2013,79
2/12/2013,76
3/12/2013,73
4/12/2013,75
5/12/2013,80
6/12/2013,77
7/12/2013,70
8/12/2013,74
9/12/2013,74
10/12/2013,74
11/12/2013,74
12/12/2013,77
13/12/2013 ,79
14/12/2013 ,74
15/12/2013 ,78
16/12/2013 ,71
17/12/2013 ,67
18/12/2013 ,70
19/12/2013 ,77
20/12/2013 ,78
21/12/2013 ,74
22/12/2013 ,67
23/12/2013 ,65
24/12/2013 ,73
25/12/2013 ,73
26/12/2013 ,67
27/12/2013 ,69
28/12/2013 ,71
29/12/2013 ,68
30/12/2013 ,69
31/12/2013 ,70
1/1/2014,68
2/1/2014,69
3/1/2014,73
4/1/2014,72
5/1/2014,71
6/1/2014,78
7/1/2014,77
8/1/2014,74
9/1/2014,74
10/1/2014,70
11/1/2014,72
12/1/2014,74
13/1/2014 ,74
14/1/2014 ,79
15/1/2014 ,78
16/1/2014 ,80
17/1/2014 ,74
18/1/2014 ,70
19/1/2014 ,70
20/1/2014 ,68
21/1/2014 ,67
22/1/2014 ,69
23/1/2014 ,69
24/1/2014 ,68
25/1/2014 ,64
26/1/2014 ,62
27/1/2014 ,69
28/1/2014 ,72
29/1/2014 ,75
30/1/2014 ,72
31/1/2014 ,71
1/2/2014,70
2/2/2014,69
3/2/2014,66
4/2/2014,68
5/2/2014,66
6/2/2014,61
7/2/2014,61
8/2/2014,67
9/2/2014,76
10/2/2014,72
11/2/2014,75
12/2/2014,79
13/2/2014 ,73
14/2/2014 ,74
15/2/2014 ,79
16/2/2014 ,77
17/2/2014 ,74
18/2/2014 ,73
19/2/2014 ,71
20/2/2014 ,76
21/2/2014 ,70
22/2/2014 ,68
23/2/2014 ,75
24/2/2014 ,71
25/2/2014 ,67
26/2/2014 ,66
27/2/2014 ,73
28/2/2014 ,74
1/3/2014,74
2/3/2014,76
3/3/2014,76
4/3/2014,76
5/3/2014,74
6/3/2014,70
7/3/2014,73
8/3/2014,72
9/3/2014,67
10/3/2014,69
11/3/2014,63
12/3/2014,63
13/3/2014 ,62
14/3/2014 ,61
15/3/2014 ,69
16/3/2014 ,65
17/3/2014 ,68
18/3/2014 ,68
19/3/2014 ,74
20/3/2014 ,76
21/3/2014 ,76
22/3/2014 ,75
23/3/2014 ,75
24/3/2014 ,78
25/3/2014 ,75
26/3/2014 ,76
27/3/2014 ,71
28/3/2014 ,70
29/3/2014 ,72
30/3/2014 ,77
31/3/2014 ,76
1/4/2014,76
2/4/2014,78
3/4/2014,75
4/4/2014,74
5/4/2014,77
6/4/2014,76
7/4/2014,72
8/4/2014,74
9/4/2014,74
10/4/2014,76
11/4/2014,78
12/4/2014,76
13/4/2014 ,75
14/4/2014 ,73
15/4/2014 ,71
16/4/2014 ,70
17/4/2014 ,73
18/4/2014 ,74
19/4/2014 ,75
20/4/2014 ,73
21/4/2014 ,74
22/4/2014 ,75
23/4/2014 ,72
24/4/2014 ,72
25/4/2014 ,75
26/4/2014 ,75
27/4/2014 ,75
28/4/2014 ,76
29/4/2014 ,80
30/4/2014 ,79
1/5/2014,77
2/5/2014,75
3/5/2014,78
4/5/2014,74
5/5/2014,78
6/5/2014,80
7/5/2014,75
8/5/2014,73
9/5/2014,72
10/5/2014,74
11/5/2014,74
12/5/2014,76
13/5/2014 ,75
14/5/2014 ,76
15/5/2014 ,74
16/5/2014 ,75
17/5/2014 ,73
18/5/2014 ,75
19/5/2014 ,77
20/5/2014 ,76
21/5/2014 ,75
22/5/2014 ,75
23/5/2014 ,77
24/5/2014 ,78
25/5/2014 ,74
26/5/2014 ,76
27/5/2014 ,76
28/5/2014 ,74
29/5/2014 ,72
30/5/2014 ,74
31/5/2014 ,75
1/6/2014,76
2/6/2014,77
3/6/2014,76
4/6/2014,74
5/6/2014,75
6/6/2014,75
7/6/2014,77
8/6/2014,83
9/6/2014,80
10/6/2014,79
11/6/2014,76
12/6/2014,81
13/6/2014 ,80
14/6/2014 ,79
15/6/2014 ,75
16/6/2014 ,75
17/6/2014 ,75
18/6/2014 ,80
19/6/2014 ,82
20/6/2014 ,81
21/6/2014 ,82
22/6/2014 ,82
23/6/2014 ,81
24/6/2014 ,83
25/6/2014 ,83
26/6/2014 ,81
27/6/2014 ,79
28/6/2014 ,78
29/6/2014 ,78
30/6/2014 ,77
1/7/2014,82
2/7/2014,79
3/7/2014,80
4/7/2014,80
5/7/2014,82
6/7/2014,82
7/7/2014,82
8/7/2014,83
9/7/2014,84
10/7/2014,83
11/7/2014,81
12/7/2014,81
13/7/2014 ,83
14/7/2014 ,83
15/7/2014 ,81
16/7/2014 ,79
17/7/2014 ,80
18/7/2014 ,81
19/7/2014 ,81
20/7/2014 ,80
21/7/2014 ,80
22/7/2014 ,77
23/7/2014 ,79
24/7/2014 ,79
25/7/2014 ,79
26/7/2014 ,79
27/7/2014 ,82
28/7/2014 ,82
29/7/2014 ,82
30/7/2014 ,79
31/7/2014 ,78
1/8/2014,79
2/8/2014,81
3/8/2014,83
4/8/2014,82
5/8/2014,84
6/8/2014,80
7/8/2014,80
8/8/2014,79
9/8/2014,77
10/8/2014,77
11/8/2014,78
12/8/2014,77
13/8/2014 ,76
14/8/2014 ,76
15/8/2014 ,76
16/8/2014 ,76
17/8/2014 ,76
18/8/2014 ,78
19/8/2014 ,75
20/8/2014 ,75
21/8/2014 ,74
22/8/2014 ,84
23/8/2014 ,78
24/8/2014 ,77
25/8/2014 ,77
26/8/2014 ,77
27/8/2014 ,74
28/8/2014 ,76
29/8/2014 ,74
30/8/2014 ,74
31/8/2014 ,75
1/9/2014,76
2/9/2014,74
3/9/2014,72
4/9/2014,73
5/9/2014,75
6/9/2014,77
7/9/2014,78
8/9/2014,77
9/9/2014,77
10/9/2014,77
11/9/2014,77
12/9/2014,76
13/9/2014 ,83
14/9/2014 ,80
15/9/2014 ,82
16/9/2014 ,81
17/9/2014 ,78
18/9/2014 ,81
19/9/2014 ,79
20/9/2014 ,76
21/9/2014 ,76
22/9/2014 ,78
23/9/2014 ,79
24/9/2014 ,80
25/9/2014 ,78
26/9/2014 ,74
27/9/2014 ,73
28/9/2014 ,78
29/9/2014 ,78
30/9/2014 ,75
1/10/2014,78
2/10/2014,77
3/10/2014,76
4/10/2014,77
5/10/2014,79
6/10/2014,78
7/10/2014,79
8/10/2014,80
9/10/2014,77
10/10/2014,79
11/10/2014,76
12/10/2014,77
13/10/2014 ,76
14/10/2014 ,76
15/10/2014 ,77
16/10/2014 ,76
17/10/2014 ,77
18/10/2014 ,82
19/10/2014 ,78
20/10/2014 ,75
21/10/2014 ,76
22/10/2014 ,74
23/10/2014 ,78
24/10/2014 ,75
25/10/2014 ,77
26/10/2014 ,77
27/10/2014 ,76
28/10/2014 ,75
29/10/2014 ,74
30/10/2014 ,78
31/10/2014 ,81
1/11/2014,70
2/11/2014,72
3/11/2014,79
4/11/2014,81
5/11/2014,76
6/11/2014,75
7/11/2014,75
8/11/2014,75
9/11/2014,76
10/11/2014,76
11/11/2014,72
12/11/2014,75
13/11/2014 ,75
14/11/2014 ,76
15/11/2014 ,73
16/11/2014 ,76
17/11/2014 ,73
18/11/2014 ,75
19/11/2014 ,77
20/11/2014 ,79
21/11/2014 ,79
22/11/2014 ,80
23/11/2014 ,84
24/11/2014 ,76
25/11/2014 ,86
26/11/2014 ,84
27/11/2014 ,81
28/11/2014 ,82
29/11/2014 ,80
30/11/2014 ,79
1/12/2014,82
2/12/2014,78
3/12/2014,77
4/12/2014,74
5/12/2014,74
6/12/2014,80
7/12/2014,82
8/12/2014,83
9/12/2014,83
10/12/2014,82
11/12/2014,77
12/12/2014,77
13/12/2014 ,78
14/12/2014 ,76
15/12/2014 ,80
16/12/2014 ,79
17/12/2014 ,82
18/12/2014 ,79
19/12/2014 ,81
20/12/2014 ,86
21/12/2014 ,79
22/12/2014 ,89
23/12/2014 ,85
24/12/2014 ,81
25/12/2014 ,87
26/12/2014 ,87
27/12/2014 ,82
28/12/2014 ,83
29/12/2014 ,86
30/12/2014 ,79
31/12/2014 ,79
1/1/2015,79
2/1/2015,76
3/1/2015,72
4/1/2015,76
5/1/2015,76
6/1/2015,76
7/1/2015,69
8/1/2015,70
9/1/2015,67
10/1/2015,63
11/1/2015,65
12/1/2015,65
13/1/2015 ,66
14/1/2015 ,73
15/1/2015 ,75
16/1/2015 ,77
17/1/2015 ,76
18/1/2015 ,71
19/1/2015 ,70
20/1/2015 ,71
21/1/2015 ,67
22/1/2015 ,75
23/1/2015 ,81
24/1/2015 ,79
25/1/2015 ,72
26/1/2015 ,72
27/1/2015 ,71
28/1/2015 ,76
29/1/2015 ,80
30/1/2015 ,78
31/1/2015 ,69
1/2/2015,73
2/2/2015,72
3/2/2015,75
4/2/2015,75
5/2/2015,77
6/2/2015,79
7/2/2015,74
8/2/2015,70
9/2/2015,78
10/2/2015,77
11/2/2015,80
12/2/2015,81
13/2/2015 ,82
14/2/2015 ,74
15/2/2015 ,69
16/2/2015 ,63
17/2/2015 ,66
18/2/2015 ,69
19/2/2015 ,69
20/2/2015 ,68
21/2/2015 ,67
22/2/2015 ,69
23/2/2015 ,74
24/2/2015 ,77
25/2/2015 ,75
26/2/2015 ,79
27/2/2015 ,81
28/2/2015 ,80
1/3/2015,79
2/3/2015,81
3/3/2015,79
4/3/2015,79
5/3/2015,76
6/3/2015,78
7/3/2015,75
8/3/2015,77
9/3/2015,75
10/3/2015,85
11/3/2015,77
12/3/2015,78
13/3/2015 ,77
14/3/2015 ,77
15/3/2015 ,77
16/3/2015 ,78
17/3/2015 ,76
18/3/2015 ,76
19/3/2015 ,84
20/3/2015 ,79
21/3/2015 ,76
22/3/2015 ,78
23/3/2015 ,77
24/3/2015 ,78
25/3/2015 ,76
26/3/2015 ,77
27/3/2015 ,78
28/3/2015 ,76
29/3/2015 ,77
30/3/2015 ,77
31/3/2015 ,78
1/4/2015,79
2/4/2015,74
3/4/2015,76
4/4/2015,78
5/4/2015,77
6/4/2015,77
7/4/2015,79
8/4/2015,78
9/4/2015,76
10/4/2015,81
11/4/2015,78
12/4/2015,79
13/4/2015 ,80
14/4/2015 ,78
15/4/2015 ,78
16/4/2015 ,74
17/4/2015 ,74
18/4/2015 ,74
19/4/2015 ,76
20/4/2015 ,82
21/4/2015 ,87
22/4/2015 ,80
23/4/2015 ,78
24/4/2015 ,81
25/4/2015 ,75
26/4/2015 ,77
27/4/2015 ,78
28/4/2015 ,78
29/4/2015 ,81
30/4/2015 ,79
1/5/2015,80
2/5/2015,81
3/5/2015,80
4/5/2015,76
5/5/2015,79
6/5/2015,78
7/5/2015,77
8/5/2015,79
9/5/2015,82
10/5/2015,82
11/5/2015,80
12/5/2015,77
13/5/2015 ,78
14/5/2015 ,78
15/5/2015 ,79
16/5/2015 ,79
17/5/2015 ,79
18/5/2015 ,80
19/5/2015 ,83
20/5/2015 ,84
21/5/2015 ,83
22/5/2015 ,80
23/5/2015 ,82
24/5/2015 ,82
25/5/2015 ,81
26/5/2015 ,81
27/5/2015 ,80
28/5/2015 ,81
29/5/2015 ,80
30/5/2015 ,80
31/5/2015 ,79
1/6/2015,82
2/6/2015,81
3/6/2015,78
4/6/2015,78
5/6/2015,80
6/6/2015,78
7/6/2015,78
8/6/2015,79
9/6/2015,78
10/6/2015,78
11/6/2015,82
12/6/2015,76
13/6/2015 ,78
14/6/2015 ,78
15/6/2015 ,83
16/6/2015 ,87
17/6/2015 ,86
18/6/2015 ,87
19/6/2015 ,87
20/6/2015 ,86
21/6/2015 ,83
22/6/2015 ,82
23/6/2015 ,81
24/6/2015 ,79
25/6/2015 ,79
26/6/2015 ,83
27/6/2015 ,86
28/6/2015 ,87
29/6/2015 ,88
30/6/2015 ,87
1/7/2015,83
2/7/2015,83
3/7/2015,85
4/7/2015,87
5/7/2015,87
6/7/2015,83
7/7/2015,82
8/7/2015,83
9/7/2015,83
10/7/2015,88
11/7/2015,86
12/7/2015,83
13/7/2015 ,82
14/7/2015 ,87
15/7/2015 ,88
16/7/2015 ,87
17/7/2015 ,85
18/7/2015 ,88
19/7/2015 ,86
20/7/2015 ,84
21/7/2015 ,88
22/7/2015 ,89
23/7/2015 ,88
24/7/2015 ,84
25/7/2015 ,85
26/7/2015 ,85
27/7/2015 ,83
28/7/2015 ,84
29/7/2015 ,83
30/7/2015 ,82
31/7/2015 ,79
1/8/2015,82
2/8/2015,86
3/8/2015,86
4/8/2015,85
5/8/2015,87
6/8/2015,86
7/8/2015,84
8/8/2015,82
9/8/2015,85
10/8/2015,86
11/8/2015,86
12/8/2015,84
13/8/2015 ,86
14/8/2015 ,85
15/8/2015 ,86
16/8/2015 ,87
17/8/2015 ,86
18/8/2015 ,81
19/8/2015 ,79
20/8/2015 ,79
21/8/2015 ,79
22/8/2015 ,81
23/8/2015 ,82
24/8/2015 ,84
25/8/2015 ,85
26/8/2015 ,84
27/8/2015 ,85
28/8/2015 ,83
29/8/2015 ,83
30/8/2015 ,83
31/8/2015 ,82
1/9/2015,82
2/9/2015,81
3/9/2015,84
4/9/2015,79
5/9/2015,80
6/9/2015,82
7/9/2015,74
8/9/2015,75
9/9/2015,78
10/9/2015,80
11/9/2015,75
12/9/2015,78
13/9/2015 ,78
14/9/2015 ,79
15/9/2015 ,83
16/9/2015 ,85
17/9/2015 ,83
18/9/2015 ,83
19/9/2015 ,82
20/9/2015 ,82
21/9/2015 ,84
22/9/2015 ,79
23/9/2015 ,80
24/9/2015 ,82
25/9/2015 ,84
26/9/2015 ,81
27/9/2015 ,82
28/9/2015 ,80
29/9/2015 ,80
30/9/2015 ,78
1/10/2015,79
2/10/2015,79
3/10/2015,79
4/10/2015,80
5/10/2015,88
6/10/2015,84
7/10/2015,81
8/10/2015,80
9/10/2015,80
10/10/2015,78
11/10/2015,79
12/10/2015,80
13/10/2015 ,80
14/10/2015 ,80
15/10/2015 ,83
16/10/2015 ,82
17/10/2015 ,80
18/10/2015 ,83
19/10/2015 ,81
20/10/2015 ,80
21/10/2015 ,80
22/10/2015 ,80
23/10/2015 ,79
24/10/2015 ,79
25/10/2015 ,85
26/10/2015 ,82
27/10/2015 ,91
28/10/2015 ,85
29/10/2015 ,84
30/10/2015 ,85
31/10/2015 ,80
1/11/2015,77
2/11/2015,78
3/11/2015,82
4/11/2015,78
5/11/2015,81
6/11/2015,84
7/11/2015,86
8/11/2015,85
9/11/2015,91
10/11/2015,83
11/11/2015,81
12/11/2015,81
13/11/2015 ,87
14/11/2015 ,90
15/11/2015 ,91
16/11/2015 ,83
17/11/2015 ,84
18/11/2015 ,82
19/11/2015 ,82
20/11/2015 ,82
21/11/2015 ,85
22/11/2015 ,85
23/11/2015 ,83
24/11/2015 ,82
25/11/2015 ,82
26/11/2015 ,79
27/11/2015 ,76
28/11/2015 ,82
29/11/2015 ,81
30/11/2015 ,85
1/12/2015,82
2/12/2015,84
3/12/2015,79
4/12/2015,79
5/12/2015,82
6/12/2015,82
7/12/2015,83
8/12/2015,90
9/12/2015,83
10/12/2015,83
11/12/2015,88
12/12/2015,87
13/12/2015 ,84
14/12/2015 ,84
15/12/2015 ,80
16/12/2015 ,83
17/12/2015 ,82
18/12/2015 ,78
19/12/2015 ,80
20/12/2015 ,81
21/12/2015 ,76
22/12/2015 ,71
23/12/2015 ,70
24/12/2015 ,70
25/12/2015 ,74
26/12/2015 ,75
27/12/2015 ,77
28/12/2015 ,73
29/12/2015 ,77
30/12/2015 ,73
31/12/2015 ,71
1/1/2016,76
2/1/2016,79
3/1/2016,74
4/1/2016,74
5/1/2016,76
6/1/2016,81
7/1/2016,77
8/1/2016,76
9/1/2016,73
10/1/2016,78
11/1/2016,73
12/1/2016,69
13/1/2016 ,70
14/1/2016 ,69
15/1/2016 ,73
16/1/2016 ,75
17/1/2016 ,70
18/1/2016 ,71
19/1/2016 ,75
20/1/2016 ,74
21/1/2016 ,75
22/1/2016 ,75
23/1/2016 ,76
24/1/2016 ,79
25/1/2016 ,77
26/1/2016 ,75
27/1/2016 ,64
28/1/2016 ,71
29/1/2016 ,70
30/1/2016 ,66
31/1/2016 ,68
1/2/2016,66
2/2/2016,64
3/2/2016,58
4/2/2016,62
5/2/2016,67
6/2/2016,70
7/2/2016,75
8/2/2016,77
9/2/2016,80
10/2/2016,78
11/2/2016,76
12/2/2016,74
13/2/2016 ,80
14/2/2016 ,77
15/2/2016 ,80
16/2/2016 ,67
17/2/2016 ,74
18/2/2016 ,77
19/2/2016 ,77
20/2/2016 ,79
21/2/2016 ,74
22/2/2016 ,76
23/2/2016 ,78
24/2/2016 ,76
25/2/2016 ,76
26/2/2016 ,71
27/2/2016 ,71
28/2/2016 ,67
29/2/2016 ,69
1/3/2016,69
2/3/2016,67
3/3/2016,68
4/3/2016,68
5/3/2016,73
6/3/2016,75
7/3/2016,77
8/3/2016,78
9/3/2016,75
10/3/2016,73
11/3/2016,78
12/3/2016,78
13/3/2016 ,73
14/3/2016 ,76
15/3/2016 ,75
16/3/2016 ,77
17/3/2016 ,76
18/3/2016 ,78
19/3/2016 ,79
20/3/2016 ,71
21/3/2016 ,72
22/3/2016 ,73
23/3/2016 ,72
24/3/2016 ,73
25/3/2016 ,73
26/3/2016 ,72
27/3/2016 ,75
28/3/2016 ,78
29/3/2016 ,75
30/3/2016 ,78
31/3/2016 ,78
1/4/2016,79
2/4/2016,75
3/4/2016,76
4/4/2016,74
5/4/2016,76
6/4/2016,74
7/4/2016,76
8/4/2016,77
9/4/2016,74
10/4/2016,73
11/4/2016,75
12/4/2016,79
13/4/2016 ,80
14/4/2016 ,78
15/4/2016 ,78
16/4/2016 ,78
17/4/2016 ,79
18/4/2016 ,79
19/4/2016 ,78
20/4/2016 ,78
21/4/2016 ,77
22/4/2016 ,79
23/4/2016 ,82
24/4/2016 ,77
25/4/2016 ,79
26/4/2016 ,78
27/4/2016 ,75
28/4/2016 ,75
29/4/2016 ,77
30/4/2016 ,79
1/5/2016,77
2/5/2016,77
3/5/2016,77
4/5/2016,78
5/5/2016,78
6/5/2016,80
7/5/2016,80
8/5/2016,83
9/5/2016,76
10/5/2016,81
11/5/2016,82
12/5/2016,78
13/5/2016 ,77
14/5/2016 ,80
15/5/2016 ,93
16/5/2016 ,89
17/5/2016 ,89
18/5/2016 ,86
19/5/2016 ,82
20/5/2016 ,83
21/5/2016 ,81
22/5/2016 ,87
23/5/2016 ,89
24/5/2016 ,88
25/5/2016 ,88
26/5/2016 ,84
27/5/2016 ,87
28/5/2016 ,90
29/5/2016 ,87
30/5/2016 ,88
31/5/2016 ,88
1/6/2016,84
2/6/2016,88
3/6/2016,87
4/6/2016,88
5/6/2016,87
6/6/2016,85
7/6/2016,85
8/6/2016,87
9/6/2016,86
10/6/2016,86
11/6/2016,83
12/6/2016,86
13/6/2016 ,86
14/6/2016 ,87
15/6/2016 ,82
16/6/2016 ,82
17/6/2016 ,84
18/6/2016 ,86
19/6/2016 ,87
20/6/2016 ,89
21/6/2016 ,89
22/6/2016 ,89
23/6/2016 ,83
24/6/2016 ,83
25/6/2016 ,80
26/6/2016 ,83
27/6/2016 ,86
28/6/2016 ,88
29/6/2016 ,87
30/6/2016 ,84
1/7/2016,85
2/7/2016,84
3/7/2016,82
4/7/2016,81
5/7/2016,84
6/7/2016,83
7/7/2016,82
8/7/2016,86
9/7/2016,89
10/7/2016,89
11/7/2016,88
12/7/2016,88
13/7/2016 ,87
14/7/2016 ,86
15/7/2016 ,87
16/7/2016 ,87
17/7/2016 ,84
18/7/2016 ,84
19/7/2016 ,85
20/7/2016 ,84
21/7/2016 ,84
22/7/2016 ,84
23/7/2016 ,84
24/7/2016 ,83
25/7/2016 ,84
26/7/2016 ,83
27/7/2016 ,83
28/7/2016 ,83
29/7/2016 ,84
30/7/2016 ,88
31/7/2016 ,84
1/8/2016,83
2/8/2016,81
3/8/2016,81
4/8/2016,83
5/8/2016,81
6/8/2016,81
7/8/2016,80
8/8/2016,82
9/8/2016,84
10/8/2016,84
11/8/2016,82
12/8/2016,86
13/8/2016 ,87
14/8/2016 ,87
15/8/2016 ,86
16/8/2016 ,84
17/8/2016 ,81
18/8/2016 ,85
19/8/2016 ,85
20/8/2016 ,84
21/8/2016 ,85
22/8/2016 ,88
23/8/2016 ,88
24/8/2016 ,88
25/8/2016 ,88
26/8/2016 ,88
27/8/2016 ,89
28/8/2016 ,85
29/8/2016 ,87
30/8/2016 ,91
31/8/2016 ,88
1/9/2016,87
2/9/2016,89
3/9/2016,85
4/9/2016,87
5/9/2016,85
6/9/2016,83
7/9/2016,81
8/9/2016,81
9/9/2016,82
10/9/2016,84
11/9/2016,84
12/9/2016,82
13/9/2016 ,86
14/9/2016 ,88
15/9/2016 ,89
16/9/2016 ,86
17/9/2016 ,85
18/9/2016 ,84
19/9/2016 ,83
20/9/2016 ,87
21/9/2016 ,85
22/9/2016 ,81
23/9/2016 ,81
24/9/2016 ,81
25/9/2016 ,82
26/9/2016 ,83
27/9/2016 ,85
28/9/2016 ,87
29/9/2016 ,86
30/9/2016 ,87
1/10/2016,82
2/10/2016,81
3/10/2016,80
4/10/2016,79
5/10/2016,82
6/10/2016,79
7/10/2016,77
8/10/2016,77
9/10/2016,82
10/10/2016,78
11/10/2016,77
12/10/2016,77
13/10/2016 ,82
14/10/2016 ,80
15/10/2016 ,79
16/10/2016 ,77
17/10/2016 ,76
18/10/2016 ,73
19/10/2016 ,76
20/10/2016 ,79
21/10/2016 ,78
22/10/2016 ,79
23/10/2016 ,81
24/10/2016 ,84
25/10/2016 ,79
26/10/2016 ,81
27/10/2016 ,80
28/10/2016 ,79
29/10/2016 ,78
30/10/2016 ,80
31/10/2016 ,81
1/11/2016,80
2/11/2016,78
3/11/2016,83
4/11/2016,82
5/11/2016,79
6/11/2016,80
7/11/2016,79
8/11/2016,78
9/11/2016,78
10/11/2016,75
11/11/2016,78
12/11/2016,81
13/11/2016 ,79
14/11/2016 ,83
15/11/2016 ,81
16/11/2016 ,80
17/11/2016 ,81
18/11/2016 ,81
19/11/2016 ,83
20/11/2016 ,84
21/11/2016 ,82
22/11/2016 ,83
23/11/2016 ,83
24/11/2016 ,78
25/11/2016 ,75
26/11/2016 ,77
27/11/2016 ,73
28/11/2016 ,76
29/11/2016 ,74
30/11/2016 ,72
1/12/2016,66
2/12/2016,75
3/12/2016,75
4/12/2016,79
5/12/2016,73
6/12/2016,68
7/12/2016,79
8/12/2016,82
9/12/2016,78
10/12/2016,81
11/12/2016,79
12/12/2016,77
13/12/2016 ,74
14/12/2016 ,74
15/12/2016 ,76
16/12/2016 ,78
17/12/2016 ,80
18/12/2016 ,73
19/12/2016 ,81
20/12/2016 ,85
21/12/2016 ,84
22/12/2016 ,77
23/12/2016 ,64
24/12/2016 ,63
25/12/2016 ,69
26/12/2016 ,71
27/12/2016 ,81
28/12/2016 ,80
29/12/2016 ,74
30/12/2016 ,70
31/12/2016 ,75
1/1/2017,77
2/1/2017,75
3/1/2017,68
4/1/2017,68
5/1/2017,66
6/1/2017,70
7/1/2017,62
8/1/2017,60
9/1/2017,67
10/1/2017,68
11/1/2017,64
12/1/2017,68
13/1/2017 ,62
14/1/2017 ,67
15/1/2017 ,66
16/1/2017 ,66
17/1/2017 ,64
18/1/2017 ,64
19/1/2017 ,66
20/1/2017 ,72
21/1/2017 ,76
22/1/2017 ,79
23/1/2017 ,81
24/1/2017 ,80
25/1/2017 ,76
26/1/2017 ,80
27/1/2017 ,89
28/1/2017 ,81
29/1/2017 ,81
30/1/2017 ,81
31/1/2017 ,78
1/2/2017,74
2/2/2017,73
3/2/2017,67
4/2/2017,67
5/2/2017,74
6/2/2017,73
7/2/2017,67
8/2/2017,74
9/2/2017,71
10/2/2017,76
11/2/2017,75
12/2/2017,70
13/2/2017 ,69
14/2/2017 ,76
15/2/2017 ,68
16/2/2017 ,64
17/2/2017 ,63
18/2/2017 ,71
19/2/2017 ,76
20/2/2017 ,74
21/2/2017 ,77
22/2/2017 ,76
23/2/2017 ,78
24/2/2017 ,79
25/2/2017 ,80
26/2/2017 ,80
27/2/2017 ,74
28/2/2017 ,74
1/3/2017,74
2/3/2017,74
3/3/2017,79
4/3/2017,74
5/3/2017,75
6/3/2017,76
7/3/2017,77
8/3/2017,79
9/3/2017,79
10/3/2017,83
11/3/2017,82
12/3/2017,79
13/3/2017 ,81
14/3/2017 ,82
15/3/2017 ,78
16/3/2017 ,77
17/3/2017 ,76
18/3/2017 ,79
19/3/2017 ,78
20/3/2017 ,79
21/3/2017 ,79
22/3/2017 ,77
23/3/2017 ,73
24/3/2017 ,71
25/3/2017 ,71
26/3/2017 ,68
27/3/2017 ,73
28/3/2017 ,76
29/3/2017 ,80
30/3/2017 ,77
31/3/2017 ,78
1/4/2017,77
2/4/2017,77
3/4/2017,80
4/4/2017,77
5/4/2017,79
6/4/2017,82
7/4/2017,81
8/4/2017,79
9/4/2017,77
10/4/2017,78
11/4/2017,81
12/4/2017,81
13/4/2017 ,81
14/4/2017 ,80
15/4/2017 ,79
16/4/2017 ,79
17/4/2017 ,79
18/4/2017 ,78
19/4/2017 ,77
20/4/2017 ,76
21/4/2017 ,76
22/4/2017 ,77
23/4/2017 ,79
24/4/2017 ,81
25/4/2017 ,81
26/4/2017 ,79
27/4/2017 ,77
28/4/2017 ,78
29/4/2017 ,80
30/4/2017 ,77
1/5/2017,76
2/5/2017,75
3/5/2017,73
4/5/2017,73
5/5/2017,76
6/5/2017,78
7/5/2017,78
8/5/2017,81
9/5/2017,82
10/5/2017,79
11/5/2017,75
12/5/2017,78
13/5/2017 ,76
14/5/2017 ,80
15/5/2017 ,84
16/5/2017 ,83
17/5/2017 ,82
18/5/2017 ,86
19/5/2017 ,86
20/5/2017 ,84
21/5/2017 ,82
22/5/2017 ,83
23/5/2017 ,82
24/5/2017 ,85
25/5/2017 ,90
26/5/2017 ,91
27/5/2017 ,90
28/5/2017 ,89
29/5/2017 ,89
30/5/2017 ,88
31/5/2017 ,90
1/6/2017,89
2/6/2017,88
3/6/2017,89
4/6/2017,87
5/6/2017,87
6/6/2017,86
7/6/2017,88
8/6/2017,86
9/6/2017,84
10/6/2017,80
11/6/2017,82
12/6/2017,83
13/6/2017 ,86
14/6/2017 ,87
15/6/2017 ,84
16/6/2017 ,83
17/6/2017 ,84
18/6/2017 ,86
19/6/2017 ,87
20/6/2017 ,87
21/6/2017 ,86
22/6/2017 ,87
23/6/2017 ,88
24/6/2017 ,88
25/6/2017 ,88
26/6/2017 ,89
27/6/2017 ,87
28/6/2017 ,86
29/6/2017 ,83
30/6/2017 ,85
1/7/2017,87
2/7/2017,85
3/7/2017,84
4/7/2017,83
5/7/2017,83
6/7/2017,87
7/7/2017,88
8/7/2017,88
9/7/2017,88
10/7/2017,87
11/7/2017,87
12/7/2017,84
13/7/2017 ,83
14/7/2017 ,82
15/7/2017 ,82
16/7/2017 ,83
17/7/2017 ,83
18/7/2017 ,83
19/7/2017 ,85
20/7/2017 ,82
21/7/2017 ,81
22/7/2017 ,81
23/7/2017 ,85
24/7/2017 ,83
25/7/2017 ,82
26/7/2017 ,85
27/7/2017 ,85
28/7/2017 ,85
29/7/2017 ,83
30/7/2017 ,86
31/7/2017 ,87
1/8/2017,87
2/8/2017,86
3/8/2017,85
4/8/2017,84
5/8/2017,86
6/8/2017,87
7/8/2017,88
8/8/2017,85
9/8/2017,87
10/8/2017,84
11/8/2017,85
12/8/2017,82
13/8/2017 ,83
14/8/2017 ,84
15/8/2017 ,80
16/8/2017 ,80
17/8/2017 ,82
18/8/2017 ,86
19/8/2017 ,86
20/8/2017 ,85
21/8/2017 ,86
22/8/2017 ,85
23/8/2017 ,86
24/8/2017 ,88
25/8/2017 ,87
26/8/2017 ,83
27/8/2017 ,83
28/8/2017 ,85
29/8/2017 ,86
30/8/2017 ,84
31/8/2017 ,83
1/9/2017,82
2/9/2017,83
3/9/2017,86
4/9/2017,86
5/9/2017,84
6/9/2017,86
7/9/2017,88
8/9/2017,89
9/9/2017,87
10/9/2017,86
11/9/2017,84
12/9/2017,84
13/9/2017 ,84
14/9/2017 ,81
15/9/2017 ,82
16/9/2017 ,82
17/9/2017 ,86
18/9/2017 ,85
19/9/2017 ,82
20/9/2017 ,84
21/9/2017 ,83
22/9/2017 ,82
23/9/2017 ,80
24/9/2017 ,80
25/9/2017 ,85
26/9/2017 ,86
27/9/2017 ,83
28/9/2017 ,84
29/9/2017 ,80
30/9/2017 ,83
1/10/2017,83
2/10/2017,83
3/10/2017,84
4/10/2017,84
5/10/2017,86
6/10/2017,90
7/10/2017,86
8/10/2017,86
9/10/2017,84
10/10/2017,86
11/10/2017,86
12/10/2017,86
13/10/2017 ,87
14/10/2017 ,87
15/10/2017 ,85
16/10/2017 ,82
17/10/2017 ,82
18/10/2017 ,85
19/10/2017 ,86
20/10/2017 ,87
21/10/2017 ,83
22/10/2017 ,83
23/10/2017 ,84
24/10/2017 ,83
25/10/2017 ,82
26/10/2017 ,81
27/10/2017 ,79
28/10/2017 ,79
29/10/2017 ,82
30/10/2017 ,82
31/10/2017 ,89
1/11/2017,83
2/11/2017,83
3/11/2017,83
4/11/2017,86
5/11/2017,88
6/11/2017,84
7/11/2017,90
8/11/2017,83
9/11/2017,84
10/11/2017,84
11/11/2017,86
12/11/2017,78
13/11/2017 ,81
14/11/2017 ,81
15/11/2017 ,76
16/11/2017 ,76
17/11/2017 ,73
18/11/2017 ,77
19/11/2017 ,81
20/11/2017 ,83
21/11/2017 ,81
22/11/2017 ,83
23/11/2017 ,83
24/11/2017 ,76
25/11/2017 ,78
26/11/2017 ,93
27/11/2017 ,90
28/11/2017 ,87
29/11/2017 ,91
30/11/2017 ,90
1/12/2017,92
2/12/2017,86
3/12/2017,84
4/12/2017,85
5/12/2017,81
6/12/2017,82
7/12/2017,80
8/12/2017,75
9/12/2017,70
10/12/2017,74
11/12/2017,74
12/12/2017,79
13/12/2017 ,83
14/12/2017 ,82
15/12/2017 ,82
16/12/2017 ,79
17/12/2017 ,74
18/12/2017 ,71
19/12/2017 ,77
20/12/2017 ,83
21/12/2017 ,82
22/12/2017 ,78
23/12/2017 ,72
24/12/2017 ,78
25/12/2017 ,78
26/12/2017 ,82
27/12/2017 ,81
28/12/2017 ,75
29/12/2017 ,74
30/12/2017 ,75
31/12/2017 ,76
1/1/2018,74
2/1/2018,73
3/1/2018,72
4/1/2018,65
5/1/2018,68
6/1/2018,67
7/1/2018,64
8/1/2018,68
9/1/2018,77
10/1/2018,83
11/1/2018,83
12/1/2018,84
13/1/2018 ,84
14/1/2018 ,80
15/1/2018 ,72
16/1/2018 ,67
17/1/2018 ,65
18/1/2018 ,67
19/1/2018 ,72
20/1/2018 ,72
21/1/2018 ,73
22/1/2018 ,79
23/1/2018 ,79
24/1/2018 ,71
25/1/2018 ,65
26/1/2018 ,72
27/1/2018 ,72
28/1/2018 ,69
29/1/2018 ,74
30/1/2018 ,77
31/1/2018 ,80
1/2/2018,77
2/2/2018,77
3/2/2018,75
4/2/2018,80
5/2/2018,81
6/2/2018,83
7/2/2018,83
8/2/2018,81
9/2/2018,81
10/2/2018,82
11/2/2018,79
12/2/2018,81
13/2/2018 ,77
14/2/2018 ,76
15/2/2018 ,78
16/2/2018 ,79
17/2/2018 ,70
18/2/2018 ,72
19/2/2018 ,73
20/2/2018 ,70
21/2/2018 ,73
22/2/2018 ,73
23/2/2018 ,76
24/2/2018 ,77
25/2/2018 ,81
26/2/2018 ,82
27/2/2018 ,82
28/2/2018 ,82
1/3/2018,80
2/3/2018,82
3/3/2018,86
4/3/2018,82
5/3/2018,82
6/3/2018,81
7/3/2018,81
8/3/2018,81
9/3/2018,81
10/3/2018,77
11/3/2018,77
12/3/2018,89
13/3/2018 ,78
14/3/2018 ,78
15/3/2018 ,80
16/3/2018 ,82
17/3/2018 ,82
18/3/2018 ,83
19/3/2018 ,83
20/3/2018 ,79
21/3/2018 ,78
22/3/2018 ,78
23/3/2018 ,83
24/3/2018 ,80
25/3/2018 ,74
26/3/2018 ,79
27/3/2018 ,82
28/3/2018 ,80
29/3/2018 ,78
30/3/2018 ,77
31/3/2018 ,81
1/4/2018,82
2/4/2018,79
3/4/2018,80
4/4/2018,78
5/4/2018,78
6/4/2018,80
7/4/2018,79
8/4/2018,76
9/4/2018,79
10/4/2018,78
11/4/2018,82
12/4/2018,81
13/4/2018 ,85
14/4/2018 ,79
15/4/2018 ,79
16/4/2018 ,80
17/4/2018 ,81
18/4/2018 ,84
19/4/2018 ,77
20/4/2018 ,79
21/4/2018 ,79
22/4/2018 ,81
23/4/2018 ,79
24/4/2018 ,79
25/4/2018 ,78
26/4/2018 ,79
27/4/2018 ,79
28/4/2018 ,78
29/4/2018 ,77
30/4/2018 ,80
1/5/2018,80
2/5/2018,83
3/5/2018,81
4/5/2018,78
5/5/2018,81
6/5/2018,82
7/5/2018,82
8/5/2018,80
9/5/2018,80
10/5/2018,81
11/5/2018,80
12/5/2018,80
13/5/2018 ,81
14/5/2018 ,81
15/5/2018 ,79
16/5/2018 ,83
17/5/2018 ,87
18/5/2018 ,86
19/5/2018 ,82
20/5/2018 ,85
21/5/2018 ,89
22/5/2018 ,86
23/5/2018 ,85
24/5/2018 ,88
25/5/2018 ,88
26/5/2018 ,86
27/5/2018 ,87
28/5/2018 ,85
29/5/2018 ,80
30/5/2018 ,80
31/5/2018 ,83
1/6/2018,86
2/6/2018,87
3/6/2018,88
4/6/2018,88
5/6/2018,88
6/6/2018,88
7/6/2018,88
8/6/2018,86
9/6/2018,86
10/6/2018,85
11/6/2018,86
12/6/2018,84
13/6/2018 ,86
14/6/2018 ,85
15/6/2018 ,86
16/6/2018 ,88
17/6/2018 ,87
18/6/2018 ,86
19/6/2018 ,84
20/6/2018 ,83
21/6/2018 ,85
22/6/2018 ,86
23/6/2018 ,86
24/6/2018 ,87
25/6/2018 ,86
26/6/2018 ,86
27/6/2018 ,85
28/6/2018 ,86
29/6/2018 ,86
30/6/2018 ,83
1/7/2018,86
2/7/2018,87
3/7/2018,85
4/7/2018,83
5/7/2018,82
6/7/2018,85
7/7/2018,81
8/7/2018,86
9/7/2018,86
10/7/2018,85
11/7/2018,86
12/7/2018,86
13/7/2018 ,85
14/7/2018 ,83
15/7/2018 ,87
16/7/2018 ,86
17/7/2018 ,84
18/7/2018 ,86
19/7/2018 ,87
20/7/2018 ,83
21/7/2018 ,84
22/7/2018 ,82
23/7/2018 ,83
24/7/2018 ,83
25/7/2018 ,86
26/7/2018 ,86
27/7/2018 ,84
28/7/2018 ,83
29/7/2018 ,84
30/7/2018 ,87
31/7/2018 ,87
1/8/2018,86
2/8/2018,86
3/8/2018,85
4/8/2018,85
5/8/2018,84
6/8/2018,85
7/8/2018,86
8/8/2018,87
9/8/2018,87
10/8/2018,88
11/8/2018,86
12/8/2018,85
13/8/2018 ,88
14/8/2018 ,87
15/8/2018 ,86
16/8/2018 ,85
17/8/2018 ,84
18/8/2018 ,86
19/8/2018 ,86
20/8/2018 ,85
21/8/2018 ,84
22/8/2018 ,84
23/8/2018 ,84
24/8/2018 ,85
25/8/2018 ,86
26/8/2018 ,86
27/8/2018 ,85
28/8/2018 ,83
29/8/2018 ,83
30/8/2018 ,82
31/8/2018 ,84
1/9/2018,85
2/9/2018,81
3/9/2018,80
4/9/2018,80
5/9/2018,77
6/9/2018,78
7/9/2018,78
8/9/2018,77
9/9/2018,80
10/9/2018,80
11/9/2018,78
12/9/2018,77
13/9/2018 ,78
14/9/2018 ,78
15/9/2018 ,78
16/9/2018 ,78
17/9/2018 ,85
18/9/2018 ,84
19/9/2018 ,86
20/9/2018 ,85
21/9/2018 ,87
22/9/2018 ,83
23/9/2018 ,83
24/9/2018 ,82
25/9/2018 ,83
26/9/2018 ,84
27/9/2018 ,83
28/9/2018 ,82
29/9/2018 ,83
30/9/2018 ,83
1/10/2018,83
2/10/2018,86
3/10/2018,83
4/10/2018,81
5/10/2018,83
6/10/2018,85
7/10/2018,87
8/10/2018,83
9/10/2018,84
10/10/2018,82
11/10/2018,84
12/10/2018,83
13/10/2018 ,83
14/10/2018 ,79
15/10/2018 ,78
16/10/2018 ,80
17/10/2018 ,80
18/10/2018 ,77
19/10/2018 ,79
20/10/2018 ,82
21/10/2018 ,79
22/10/2018 ,81
23/10/2018 ,81
24/10/2018 ,81
25/10/2018 ,82
26/10/2018 ,81
27/10/2018 ,82
28/10/2018 ,83
29/10/2018 ,78
30/10/2018 ,82
31/10/2018 ,83
1/11/2018,86
2/11/2018,83
3/11/2018,82
4/11/2018,81
5/11/2018,86
6/11/2018,90
7/11/2018,86
8/11/2018,86
9/11/2018,85
10/11/2018,80
11/11/2018,78
12/11/2018,76
13/11/2018 ,79
14/11/2018 ,80
15/11/2018 ,76
16/11/2018 ,81
17/11/2018 ,81
18/11/2018 ,80
19/11/2018 ,84
20/11/2018 ,87
21/11/2018 ,81
22/11/2018 ,77
23/11/2018 ,83
24/11/2018 ,83
25/11/2018 ,83
26/11/2018 ,80
27/11/2018 ,82
28/11/2018 ,84
29/11/2018 ,84
30/11/2018 ,83
1/12/2018,77
2/12/2018,75
3/12/2018,82
4/12/2018,82
5/12/2018,84
6/12/2018,80
7/12/2018,81
8/12/2018,77
9/12/2018,75
10/12/2018,76
11/12/2018,74
12/12/2018,75
13/12/2018 ,73
14/12/2018 ,78
15/12/2018 ,84
16/12/2018 ,81
17/12/2018 ,70
18/12/2018 ,79
19/12/2018 ,78
20/12/2018 ,81
21/12/2018 ,89
22/12/2018 ,88
23/12/2018 ,85
24/12/2018 ,84
25/12/2018 ,85
26/12/2018 ,84
27/12/2018 ,85
28/12/2018 ,81
29/12/2018 ,77
30/12/2018 ,70
31/12/2018 ,76
1/1/2019,73
2/1/2019,72
3/1/2019,72
4/1/2019,71
5/1/2019,73
6/1/2019,72
7/1/2019,77
8/1/2019,77
9/1/2019,74
10/1/2019,78
11/1/2019,81
12/1/2019,86
13/1/2019 ,83
14/1/2019 ,83
15/1/2019 ,84
16/1/2019 ,79
17/1/2019 ,73
18/1/2019 ,71
19/1/2019 ,73
20/1/2019 ,75
21/1/2019 ,78
22/1/2019 ,78
23/1/2019 ,78
24/1/2019 ,79
25/1/2019 ,82
26/1/2019 ,82
27/1/2019 ,81
28/1/2019 ,80
29/1/2019 ,73
30/1/2019 ,70
31/1/2019 ,71
1/2/2019,74
2/2/2019,78
3/2/2019,81
4/2/2019,85
5/2/2019,84
6/2/2019,86
7/2/2019,82
8/2/2019,83
9/2/2019,82
10/2/2019,82
11/2/2019,75
12/2/2019,73
13/2/2019 ,74
14/2/2019 ,82
15/2/2019 ,81
16/2/2019 ,84
17/2/2019 ,83
18/2/2019 ,82
19/2/2019 ,82
20/2/2019 ,79
21/2/2019 ,72
22/2/2019 ,71
23/2/2019 ,71
24/2/2019 ,78
25/2/2019 ,76
26/2/2019 ,83
27/2/2019 ,82
28/2/2019 ,79
1/3/2019,77
2/3/2019,77
3/3/2019,79
4/3/2019,81
5/3/2019,79
6/3/2019,78
7/3/2019,77
8/3/2019,76
9/3/2019,78
10/3/2019,76
11/3/2019,77
12/3/2019,77
13/3/2019 ,81
14/3/2019 ,78
15/3/2019 ,75
16/3/2019 ,76
17/3/2019 ,77
18/3/2019 ,80
19/3/2019 ,77
20/3/2019 ,78
21/3/2019 ,79
22/3/2019 ,80
23/3/2019 ,79
24/3/2019 ,78
25/3/2019 ,76
26/3/2019 ,74
27/3/2019 ,73
28/3/2019 ,71
29/3/2019 ,72
30/3/2019 ,73
31/3/2019 ,73
1/4/2019,70
2/4/2019,67
3/4/2019,69
4/4/2019,69
5/4/2019,69
6/4/2019,72
7/4/2019,73
8/4/2019,70
9/4/2019,72
10/4/2019,72
11/4/2019,75
12/4/2019,76
13/4/2019 ,77
14/4/2019 ,75
15/4/2019 ,77
16/4/2019 ,75
17/4/2019 ,79
18/4/2019 ,79
19/4/2019 ,78
20/4/2019 ,78
21/4/2019 ,81
22/4/2019 ,81
23/4/2019 ,78
24/4/2019 ,76
25/4/2019 ,80
26/4/2019 ,80
27/4/2019 ,78
28/4/2019 ,80
29/4/2019 ,83
30/4/2019 ,84
1/5/2019,84
2/5/2019,85
3/5/2019,86
4/5/2019,82
5/5/2019,76
6/5/2019,76
7/5/2019,77
8/5/2019,75
9/5/2019,77
10/5/2019,79
11/5/2019,78
12/5/2019,81
13/5/2019 ,81
14/5/2019 ,83
15/5/2019 ,79
16/5/2019 ,82
17/5/2019 ,84
18/5/2019 ,81
19/5/2019 ,80
20/5/2019 ,76
21/5/2019 ,76
22/5/2019 ,75
23/5/2019 ,77
24/5/2019 ,77
25/5/2019 ,76
26/5/2019 ,79
27/5/2019 ,81
28/5/2019 ,83
29/5/2019 ,84
30/5/2019 ,85
31/5/2019 ,82
1/6/2019,81
2/6/2019,81
3/6/2019,83
4/6/2019,83
5/6/2019,84
6/6/2019,85
7/6/2019,86
8/6/2019,85
9/6/2019,85
10/6/2019,85
11/6/2019,82
12/6/2019,83
13/6/2019 ,86
14/6/2019 ,83
15/6/2019 ,83
16/6/2019 ,83
17/6/2019 ,82
18/6/2019 ,82
19/6/2019 ,81
20/6/2019 ,83
21/6/2019 ,80
22/6/2019 ,80
23/6/2019 ,84
24/6/2019 ,85
25/6/2019 ,85
26/6/2019 ,80
27/6/2019 ,79
28/6/2019 ,78
29/6/2019 ,78
30/6/2019 ,79
1/7/2019,79
2/7/2019,80
3/7/2019,80
4/7/2019,81
5/7/2019,82
6/7/2019,80
7/7/2019,80
8/7/2019,80
9/7/2019,79
10/7/2019,81
11/7/2019,81
12/7/2019,82
13/7/2019 ,80
14/7/2019 ,79
15/7/2019 ,81
16/7/2019 ,81
17/7/2019 ,81
18/7/2019 ,83
19/7/2019 ,82
20/7/2019 ,80
21/7/2019 ,82
22/7/2019 ,81
23/7/2019 ,78
24/7/2019 ,80
25/7/2019 ,84
26/7/2019 ,82
27/7/2019 ,81
28/7/2019 ,82
29/7/2019 ,80
30/7/2019 ,80
31/7/2019 ,81
1/8/2019,82
2/8/2019,80
3/8/2019,80
4/8/2019,80
5/8/2019,82
6/8/2019,84
7/8/2019,83
8/8/2019,88
9/8/2019,82
10/8/2019,83
11/8/2019,84
12/8/2019,86
13/8/2019 ,87
14/8/2019 ,85
15/8/2019 ,83
16/8/2019 ,85
17/8/2019 ,87
18/8/2019 ,84
19/8/2019 ,83
20/8/2019 ,85
21/8/2019 ,86
22/8/2019 ,85
23/8/2019 ,86
24/8/2019 ,83
25/8/2019 ,84
26/8/2019 ,83
27/8/2019 ,84
28/8/2019 ,85
29/8/2019 ,85
30/8/2019 ,83
31/8/2019 ,85
1/9/2019,85
2/9/2019,84
3/9/2019,85
4/9/2019,84
5/9/2019,82
6/9/2019,85
7/9/2019,84
8/9/2019,81
9/9/2019,81
10/9/2019,82
11/9/2019,82
12/9/2019,83
13/9/2019 ,82
14/9/2019 ,83
15/9/2019 ,82
16/9/2019 ,90
17/9/2019 ,85
18/9/2019 ,84
19/9/2019 ,85
20/9/2019 ,83
21/9/2019 ,82
22/9/2019 ,87
23/9/2019 ,84
24/9/2019 ,87
25/9/2019 ,90
26/9/2019 ,84
27/9/2019 ,77
28/9/2019 ,80
29/9/2019 ,81
30/9/2019 ,80
1/10/2019,79
2/10/2019,79
3/10/2019,80
4/10/2019,79
5/10/2019,78
6/10/2019,78
7/10/2019,76
8/10/2019,80
9/10/2019,81
10/10/2019,77
11/10/2019,82
12/10/2019,79
13/10/2019 ,79
14/10/2019 ,79
15/10/2019 ,81
16/10/2019 ,86
17/10/2019 ,83
18/10/2019 ,81
19/10/2019 ,83
20/10/2019 ,86
21/10/2019 ,90
22/10/2019 ,82
23/10/2019 ,80
24/10/2019 ,88
25/10/2019 ,81
26/10/2019 ,82
27/10/2019 ,80
28/10/2019 ,89
29/10/2019 ,83
30/10/2019 ,88
31/10/2019 ,83
1/11/2019,79
2/11/2019,82
3/11/2019,83
4/11/2019,80
5/11/2019,80
6/11/2019,76
7/11/2019,79
8/11/2019,81
9/11/2019,82
10/11/2019,83
11/11/2019,78
12/11/2019,80
13/11/2019 ,81
14/11/2019 ,80
15/11/2019 ,80
16/11/2019 ,84
17/11/2019 ,82
18/11/2019 ,80
19/11/2019 ,79
20/11/2019 ,79
21/11/2019 ,79
22/11/2019 ,82
23/11/2019 ,82
24/11/2019 ,79
25/11/2019 ,81
26/11/2019 ,82
27/11/2019 ,76
28/11/2019 ,81
29/11/2019 ,80
30/11/2019 ,88
1/12/2019,89
2/12/2019,83
3/12/2019,85
4/12/2019,84
5/12/2019,86
6/12/2019,89
7/12/2019,84
8/12/2019,83
9/12/2019,84
10/12/2019,83
11/12/2019,84
12/12/2019,85
13/12/2019 ,84
14/12/2019 ,80
15/12/2019 ,78
16/12/2019 ,73
17/12/2019 ,79
18/12/2019 ,82
19/12/2019 ,82
20/12/2019 ,87
21/12/2019 ,82
22/12/2019 ,83
23/12/2019 ,85
24/12/2019 ,85
25/12/2019 ,84
26/12/2019 ,81
27/12/2019 ,77
28/12/2019 ,78
29/12/2019 ,76
30/12/2019 ,78
31/12/2019 ,81
