Date,Cloudcover
1/1/2009,5
2/1/2009,6
3/1/2009,4
4/1/2009,2
5/1/2009,11
6/1/2009,34
7/1/2009,39
8/1/2009,39
9/1/2009,61
10/1/2009,67
11/1/2009,12
12/1/2009,10
13/1/2009 ,25
14/1/2009 ,13
15/1/2009 ,5
16/1/2009 ,5
17/1/2009 ,16
18/1/2009 ,22
19/1/2009 ,28
20/1/2009 ,31
21/1/2009 ,17
22/1/2009 ,49
23/1/2009 ,37
24/1/2009 ,40
25/1/2009 ,56
26/1/2009 ,35
27/1/2009 ,47
28/1/2009 ,40
29/1/2009 ,12
30/1/2009 ,8
31/1/2009 ,24
1/2/2009,18
2/2/2009,3
3/2/2009,2
4/2/2009,2
5/2/2009,3
6/2/2009,2
7/2/2009,8
8/2/2009,27
9/2/2009,15
10/2/2009,20
11/2/2009,9
12/2/2009,2
13/2/2009 ,4
14/2/2009 ,7
15/2/2009 ,10
16/2/2009 ,28
17/2/2009 ,15
18/2/2009 ,10
19/2/2009 ,26
20/2/2009 ,33
21/2/2009 ,22
22/2/2009 ,34
23/2/2009 ,37
24/2/2009 ,30
25/2/2009 ,16
26/2/2009 ,17
27/2/2009 ,16
28/2/2009 ,14
1/3/2009,6
2/3/2009,3
3/3/2009,5
4/3/2009,5
5/3/2009,4
6/3/2009,11
7/3/2009,22
8/3/2009,34
9/3/2009,58
10/3/2009,44
11/3/2009,40
12/3/2009,35
13/3/2009 ,34
14/3/2009 ,47
15/3/2009 ,29
16/3/2009 ,28
17/3/2009 ,17
18/3/2009 ,19
19/3/2009 ,18
20/3/2009 ,19
21/3/2009 ,9
22/3/2009 ,12
23/3/2009 ,50
24/3/2009 ,60
25/3/2009 ,27
26/3/2009 ,51
27/3/2009 ,28
28/3/2009 ,23
29/3/2009 ,28
30/3/2009 ,38
31/3/2009 ,44
1/4/2009,34
2/4/2009,24
3/4/2009,23
4/4/2009,46
5/4/2009,38
6/4/2009,43
7/4/2009,36
8/4/2009,35
9/4/2009,36
10/4/2009,55
11/4/2009,58
12/4/2009,36
13/4/2009 ,25
14/4/2009 ,16
15/4/2009 ,22
16/4/2009 ,27
17/4/2009 ,21
18/4/2009 ,18
19/4/2009 ,17
20/4/2009 ,15
21/4/2009 ,26
22/4/2009 ,48
23/4/2009 ,25
24/4/2009 ,13
25/4/2009 ,22
26/4/2009 ,25
27/4/2009 ,27
28/4/2009 ,16
29/4/2009 ,8
30/4/2009 ,20
1/5/2009,34
2/5/2009,35
3/5/2009,67
4/5/2009,47
5/5/2009,50
6/5/2009,49
7/5/2009,45
8/5/2009,44
9/5/2009,53
10/5/2009,52
11/5/2009,44
12/5/2009,64
13/5/2009 ,47
14/5/2009 ,46
15/5/2009 ,38
16/5/2009 ,47
17/5/2009 ,32
18/5/2009 ,33
19/5/2009 ,50
20/5/2009 ,53
21/5/2009 ,56
22/5/2009 ,65
23/5/2009 ,75
24/5/2009 ,79
25/5/2009 ,62
26/5/2009 ,54
27/5/2009 ,53
28/5/2009 ,39
29/5/2009 ,50
30/5/2009 ,72
31/5/2009 ,78
1/6/2009,43
2/6/2009,29
3/6/2009,41
4/6/2009,62
5/6/2009,69
6/6/2009,31
7/6/2009,49
8/6/2009,41
9/6/2009,54
10/6/2009,57
11/6/2009,60
12/6/2009,48
13/6/2009 ,41
14/6/2009 ,26
15/6/2009 ,44
16/6/2009 ,47
17/6/2009 ,49
18/6/2009 ,65
19/6/2009 ,71
20/6/2009 ,40
21/6/2009 ,38
22/6/2009 ,52
23/6/2009 ,59
24/6/2009 ,65
25/6/2009 ,62
26/6/2009 ,54
27/6/2009 ,57
28/6/2009 ,64
29/6/2009 ,65
30/6/2009 ,49
1/7/2009,44
2/7/2009,51
3/7/2009,44
4/7/2009,32
5/7/2009,46
6/7/2009,58
7/7/2009,43
8/7/2009,36
9/7/2009,40
10/7/2009,23
11/7/2009,24
12/7/2009,14
13/7/2009 ,25
14/7/2009 ,37
15/7/2009 ,39
16/7/2009 ,45
17/7/2009 ,54
18/7/2009 ,44
19/7/2009 ,32
20/7/2009 ,26
21/7/2009 ,28
22/7/2009 ,49
23/7/2009 ,36
24/7/2009 ,30
25/7/2009 ,21
26/7/2009 ,24
27/7/2009 ,32
28/7/2009 ,42
29/7/2009 ,34
30/7/2009 ,49
31/7/2009 ,65
1/8/2009,56
2/8/2009,45
3/8/2009,31
4/8/2009,36
5/8/2009,37
6/8/2009,59
7/8/2009,41
8/8/2009,52
9/8/2009,47
10/8/2009,34
11/8/2009,36
12/8/2009,44
13/8/2009 ,40
14/8/2009 ,56
15/8/2009 ,52
16/8/2009 ,62
17/8/2009 ,63
18/8/2009 ,43
19/8/2009 ,57
20/8/2009 ,51
21/8/2009 ,46
22/8/2009 ,41
23/8/2009 ,46
24/8/2009 ,38
25/8/2009 ,44
26/8/2009 ,40
27/8/2009 ,56
28/8/2009 ,53
29/8/2009 ,47
30/8/2009 ,32
31/8/2009 ,57
1/9/2009,67
2/9/2009,72
3/9/2009,65
4/9/2009,42
5/9/2009,52
6/9/2009,58
7/9/2009,82
8/9/2009,77
9/9/2009,51
10/9/2009,33
11/9/2009,9
12/9/2009,11
13/9/2009 ,28
14/9/2009 ,28
15/9/2009 ,33
16/9/2009 ,33
17/9/2009 ,39
18/9/2009 ,69
19/9/2009 ,36
20/9/2009 ,28
21/9/2009 ,54
22/9/2009 ,48
23/9/2009 ,56
24/9/2009 ,30
25/9/2009 ,19
26/9/2009 ,25
27/9/2009 ,18
28/9/2009 ,41
29/9/2009 ,69
30/9/2009 ,51
1/10/2009,86
2/10/2009,76
3/10/2009,45
4/10/2009,33
5/10/2009,11
6/10/2009,17
7/10/2009,23
8/10/2009,24
9/10/2009,12
10/10/2009,8
11/10/2009,25
12/10/2009,53
13/10/2009 ,42
14/10/2009 ,37
15/10/2009 ,19
16/10/2009 ,21
17/10/2009 ,12
18/10/2009 ,44
19/10/2009 ,38
20/10/2009 ,36
21/10/2009 ,17
22/10/2009 ,12
23/10/2009 ,8
24/10/2009 ,10
25/10/2009 ,22
26/10/2009 ,24
27/10/2009 ,38
28/10/2009 ,64
29/10/2009 ,54
30/10/2009 ,62
31/10/2009 ,47
1/11/2009,73
2/11/2009,51
3/11/2009,45
4/11/2009,61
5/11/2009,57
6/11/2009,60
7/11/2009,47
8/11/2009,37
9/11/2009,35
10/11/2009,57
11/11/2009,18
12/11/2009,35
13/11/2009 ,48
14/11/2009 ,48
15/11/2009 ,71
16/11/2009 ,36
17/11/2009 ,56
18/11/2009 ,60
19/11/2009 ,49
20/11/2009 ,53
21/11/2009 ,67
22/11/2009 ,73
23/11/2009 ,36
24/11/2009 ,25
25/11/2009 ,27
26/11/2009 ,19
27/11/2009 ,15
28/11/2009 ,23
29/11/2009 ,24
30/11/2009 ,53
1/12/2009,68
2/12/2009,49
3/12/2009,52
4/12/2009,25
5/12/2009,22
6/12/2009,28
7/12/2009,34
8/12/2009,46
9/12/2009,41
10/12/2009,45
11/12/2009,43
12/12/2009,28
13/12/2009 ,45
14/12/2009 ,54
15/12/2009 ,81
16/12/2009 ,37
17/12/2009 ,14
18/12/2009 ,23
19/12/2009 ,34
20/12/2009 ,22
21/12/2009 ,34
22/12/2009 ,62
23/12/2009 ,57
24/12/2009 ,45
25/12/2009 ,52
26/12/2009 ,49
27/12/2009 ,58
28/12/2009 ,49
29/12/2009 ,36
30/12/2009 ,23
31/12/2009 ,11
1/1/2010,10
2/1/2010,21
3/1/2010,32
4/1/2010,26
5/1/2010,13
6/1/2010,8
7/1/2010,36
8/1/2010,55
9/1/2010,47
10/1/2010,26
11/1/2010,33
12/1/2010,32
13/1/2010 ,35
14/1/2010 ,24
15/1/2010 ,9
16/1/2010 ,22
17/1/2010 ,35
18/1/2010 ,23
19/1/2010 ,24
20/1/2010 ,21
21/1/2010 ,6
22/1/2010 ,2
23/1/2010 ,1
24/1/2010 ,17
25/1/2010 ,29
26/1/2010 ,25
27/1/2010 ,20
28/1/2010 ,20
29/1/2010 ,18
30/1/2010 ,29
31/1/2010 ,61
1/2/2010,46
2/2/2010,45
3/2/2010,27
4/2/2010,26
5/2/2010,69
6/2/2010,12
7/2/2010,17
8/2/2010,7
9/2/2010,12
10/2/2010,48
11/2/2010,49
12/2/2010,35
13/2/2010 ,41
14/2/2010 ,7
15/2/2010 ,18
16/2/2010 ,35
17/2/2010 ,33
18/2/2010 ,20
19/2/2010 ,12
20/2/2010 ,21
21/2/2010 ,20
22/2/2010 ,8
23/2/2010 ,9
24/2/2010 ,11
25/2/2010 ,11
26/2/2010 ,7
27/2/2010 ,5
28/2/2010 ,14
1/3/2010,11
2/3/2010,20
3/3/2010,3
4/3/2010,8
5/3/2010,3
6/3/2010,6
7/3/2010,19
8/3/2010,33
9/3/2010,24
10/3/2010,16
11/3/2010,19
12/3/2010,27
13/3/2010 ,24
14/3/2010 ,12
15/3/2010 ,14
16/3/2010 ,12
17/3/2010 ,7
18/3/2010 ,27
19/3/2010 ,20
20/3/2010 ,12
21/3/2010 ,20
22/3/2010 ,24
23/3/2010 ,21
24/3/2010 ,40
25/3/2010 ,27
26/3/2010 ,31
27/3/2010 ,49
28/3/2010 ,46
29/3/2010 ,65
30/3/2010 ,39
31/3/2010 ,31
1/4/2010,26
2/4/2010,23
3/4/2010,28
4/4/2010,45
5/4/2010,46
6/4/2010,53
7/4/2010,48
8/4/2010,31
9/4/2010,32
10/4/2010,38
11/4/2010,45
12/4/2010,46
13/4/2010 ,56
14/4/2010 ,41
15/4/2010 ,38
16/4/2010 ,52
17/4/2010 ,44
18/4/2010 ,33
19/4/2010 ,44
20/4/2010 ,32
21/4/2010 ,44
22/4/2010 ,39
23/4/2010 ,53
24/4/2010 ,51
25/4/2010 ,40
26/4/2010 ,39
27/4/2010 ,44
28/4/2010 ,35
29/4/2010 ,65
30/4/2010 ,48
1/5/2010,59
2/5/2010,29
3/5/2010,27
4/5/2010,36
5/5/2010,38
6/5/2010,20
7/5/2010,28
8/5/2010,45
9/5/2010,52
10/5/2010,34
11/5/2010,47
12/5/2010,40
13/5/2010 ,49
14/5/2010 ,60
15/5/2010 ,56
16/5/2010 ,55
17/5/2010 ,73
18/5/2010 ,80
19/5/2010 ,62
20/5/2010 ,60
21/5/2010 ,65
22/5/2010 ,73
23/5/2010 ,77
24/5/2010 ,80
25/5/2010 ,51
26/5/2010 ,44
27/5/2010 ,60
28/5/2010 ,64
29/5/2010 ,52
30/5/2010 ,61
31/5/2010 ,41
1/6/2010,31
2/6/2010,53
3/6/2010,57
4/6/2010,53
5/6/2010,46
6/6/2010,52
7/6/2010,60
8/6/2010,55
9/6/2010,43
10/6/2010,62
11/6/2010,67
12/6/2010,68
13/6/2010 ,56
14/6/2010 ,37
15/6/2010 ,27
16/6/2010 ,39
17/6/2010 ,36
18/6/2010 ,46
19/6/2010 ,47
20/6/2010 ,49
21/6/2010 ,55
22/6/2010 ,54
23/6/2010 ,55
24/6/2010 ,37
25/6/2010 ,40
26/6/2010 ,24
27/6/2010 ,38
28/6/2010 ,54
29/6/2010 ,33
30/6/2010 ,34
1/7/2010,49
2/7/2010,45
3/7/2010,37
4/7/2010,47
5/7/2010,41
6/7/2010,24
7/7/2010,40
8/7/2010,48
9/7/2010,44
10/7/2010,34
11/7/2010,33
12/7/2010,31
13/7/2010 ,57
14/7/2010 ,55
15/7/2010 ,64
16/7/2010 ,69
17/7/2010 ,45
18/7/2010 ,62
19/7/2010 ,78
20/7/2010 ,53
21/7/2010 ,44
22/7/2010 ,46
23/7/2010 ,31
24/7/2010 ,36
25/7/2010 ,42
26/7/2010 ,26
27/7/2010 ,39
28/7/2010 ,54
29/7/2010 ,55
30/7/2010 ,36
31/7/2010 ,40
1/8/2010,41
2/8/2010,47
3/8/2010,49
4/8/2010,53
5/8/2010,62
6/8/2010,58
7/8/2010,51
8/8/2010,46
9/8/2010,36
10/8/2010,40
11/8/2010,29
12/8/2010,46
13/8/2010 ,51
14/8/2010 ,59
15/8/2010 ,67
16/8/2010 ,56
17/8/2010 ,55
18/8/2010 ,57
19/8/2010 ,46
20/8/2010 ,45
21/8/2010 ,63
22/8/2010 ,55
23/8/2010 ,64
24/8/2010 ,43
25/8/2010 ,62
26/8/2010 ,60
27/8/2010 ,54
28/8/2010 ,44
29/8/2010 ,61
30/8/2010 ,56
31/8/2010 ,55
1/9/2010,50
2/9/2010,55
3/9/2010,64
4/9/2010,63
5/9/2010,23
6/9/2010,44
7/9/2010,51
8/9/2010,47
9/9/2010,36
10/9/2010,41
11/9/2010,52
12/9/2010,48
13/9/2010 ,54
14/9/2010 ,46
15/9/2010 ,45
16/9/2010 ,39
17/9/2010 ,52
18/9/2010 ,54
19/9/2010 ,37
20/9/2010 ,48
21/9/2010 ,58
22/9/2010 ,55
23/9/2010 ,58
24/9/2010 ,47
25/9/2010 ,52
26/9/2010 ,40
27/9/2010 ,53
28/9/2010 ,52
29/9/2010 ,51
30/9/2010 ,61
1/10/2010,50
2/10/2010,52
3/10/2010,55
4/10/2010,42
5/10/2010,37
6/10/2010,45
7/10/2010,58
8/10/2010,57
9/10/2010,54
10/10/2010,59
11/10/2010,59
12/10/2010,45
13/10/2010 ,47
14/10/2010 ,69
15/10/2010 ,62
16/10/2010 ,62
17/10/2010 ,55
18/10/2010 ,68
19/10/2010 ,69
20/10/2010 ,50
21/10/2010 ,58
22/10/2010 ,63
23/10/2010 ,61
24/10/2010 ,67
25/10/2010 ,50
26/10/2010 ,35
27/10/2010 ,46
28/10/2010 ,44
29/10/2010 ,36
30/10/2010 ,28
31/10/2010 ,37
1/11/2010,39
2/11/2010,31
3/11/2010,29
4/11/2010,37
5/11/2010,53
6/11/2010,55
7/11/2010,56
8/11/2010,32
9/11/2010,32
10/11/2010,29
11/11/2010,25
12/11/2010,32
13/11/2010 ,30
14/11/2010 ,25
15/11/2010 ,18
16/11/2010 ,14
17/11/2010 ,26
18/11/2010 ,25
19/11/2010 ,52
20/11/2010 ,70
21/11/2010 ,70
22/11/2010 ,46
23/11/2010 ,52
24/11/2010 ,60
25/11/2010 ,58
26/11/2010 ,39
27/11/2010 ,44
28/11/2010 ,56
29/11/2010 ,30
30/11/2010 ,48
1/12/2010,73
2/12/2010,68
3/12/2010,61
4/12/2010,81
5/12/2010,81
6/12/2010,32
7/12/2010,46
8/12/2010,44
9/12/2010,55
10/12/2010,40
11/12/2010,54
12/12/2010,35
13/12/2010 ,18
14/12/2010 ,15
15/12/2010 ,17
16/12/2010 ,24
17/12/2010 ,14
18/12/2010 ,23
19/12/2010 ,31
20/12/2010 ,25
21/12/2010 ,37
22/12/2010 ,52
23/12/2010 ,57
24/12/2010 ,69
25/12/2010 ,67
26/12/2010 ,49
27/12/2010 ,36
28/12/2010 ,34
29/12/2010 ,34
30/12/2010 ,38
31/12/2010 ,35
1/1/2011,21
2/1/2011,29
3/1/2011,31
4/1/2011,30
5/1/2011,53
6/1/2011,31
7/1/2011,38
8/1/2011,36
9/1/2011,37
10/1/2011,33
11/1/2011,43
12/1/2011,57
13/1/2011 ,58
14/1/2011 ,43
15/1/2011 ,47
16/1/2011 ,23
17/1/2011 ,34
18/1/2011 ,23
19/1/2011 ,6
20/1/2011 ,0
21/1/2011 ,2
22/1/2011 ,18
23/1/2011 ,10
24/1/2011 ,20
25/1/2011 ,19
26/1/2011 ,37
27/1/2011 ,35
28/1/2011 ,32
29/1/2011 ,34
30/1/2011 ,31
31/1/2011 ,41
1/2/2011,41
2/2/2011,89
3/2/2011,80
4/2/2011,62
5/2/2011,33
6/2/2011,36
7/2/2011,77
8/2/2011,31
9/2/2011,28
10/2/2011,14
11/2/2011,18
12/2/2011,16
13/2/2011 ,9
14/2/2011 ,38
15/2/2011 ,29
16/2/2011 ,25
17/2/2011 ,18
18/2/2011 ,41
19/2/2011 ,34
20/2/2011 ,48
21/2/2011 ,53
22/2/2011 ,28
23/2/2011 ,15
24/2/2011 ,11
25/2/2011 ,15
26/2/2011 ,10
27/2/2011 ,55
28/2/2011 ,37
1/3/2011,28
2/3/2011,28
3/3/2011,50
4/3/2011,61
5/3/2011,56
6/3/2011,56
7/3/2011,17
8/3/2011,9
9/3/2011,8
10/3/2011,13
11/3/2011,7
12/3/2011,18
13/3/2011 ,24
14/3/2011 ,14
15/3/2011 ,16
16/3/2011 ,26
17/3/2011 ,10
18/3/2011 ,8
19/3/2011 ,9
20/3/2011 ,29
21/3/2011 ,26
22/3/2011 ,33
23/3/2011 ,26
24/3/2011 ,37
25/3/2011 ,27
26/3/2011 ,29
27/3/2011 ,15
28/3/2011 ,13
29/3/2011 ,10
30/3/2011 ,7
31/3/2011 ,16
1/4/2011,21
2/4/2011,39
3/4/2011,35
4/4/2011,22
5/4/2011,13
6/4/2011,11
7/4/2011,37
8/4/2011,22
9/4/2011,24
10/4/2011,31
11/4/2011,32
12/4/2011,39
13/4/2011 ,22
14/4/2011 ,20
15/4/2011 ,28
16/4/2011 ,26
17/4/2011 ,31
18/4/2011 ,33
19/4/2011 ,53
20/4/2011 ,55
21/4/2011 ,21
22/4/2011 ,40
23/4/2011 ,45
24/4/2011 ,50
25/4/2011 ,54
26/4/2011 ,40
27/4/2011 ,40
28/4/2011 ,63
29/4/2011 ,67
30/4/2011 ,46
1/5/2011,41
2/5/2011,59
3/5/2011,68
4/5/2011,65
5/5/2011,74
6/5/2011,68
7/5/2011,55
8/5/2011,57
9/5/2011,52
10/5/2011,48
11/5/2011,39
12/5/2011,20
13/5/2011 ,21
14/5/2011 ,13
15/5/2011 ,43
16/5/2011 ,36
17/5/2011 ,17
18/5/2011 ,20
19/5/2011 ,9
20/5/2011 ,24
21/5/2011 ,25
22/5/2011 ,33
23/5/2011 ,38
24/5/2011 ,43
25/5/2011 ,38
26/5/2011 ,31
27/5/2011 ,42
28/5/2011 ,77
29/5/2011 ,59
30/5/2011 ,62
31/5/2011 ,50
1/6/2011,52
2/6/2011,60
3/6/2011,69
4/6/2011,50
5/6/2011,45
6/6/2011,53
7/6/2011,48
8/6/2011,36
9/6/2011,41
10/6/2011,36
11/6/2011,40
12/6/2011,41
13/6/2011 ,32
14/6/2011 ,62
15/6/2011 ,63
16/6/2011 ,58
17/6/2011 ,44
18/6/2011 ,40
19/6/2011 ,34
20/6/2011 ,47
21/6/2011 ,34
22/6/2011 ,39
23/6/2011 ,47
24/6/2011 ,41
25/6/2011 ,43
26/6/2011 ,54
27/6/2011 ,60
28/6/2011 ,40
29/6/2011 ,43
30/6/2011 ,63
1/7/2011,34
2/7/2011,27
3/7/2011,48
4/7/2011,37
5/7/2011,37
6/7/2011,60
7/7/2011,21
8/7/2011,22
9/7/2011,37
10/7/2011,43
11/7/2011,39
12/7/2011,53
13/7/2011 ,37
14/7/2011 ,31
15/7/2011 ,56
16/7/2011 ,49
17/7/2011 ,31
18/7/2011 ,27
19/7/2011 ,31
20/7/2011 ,39
21/7/2011 ,35
22/7/2011 ,47
23/7/2011 ,48
24/7/2011 ,45
25/7/2011 ,40
26/7/2011 ,54
27/7/2011 ,44
28/7/2011 ,45
29/7/2011 ,43
30/7/2011 ,36
31/7/2011 ,25
1/8/2011,41
2/8/2011,45
3/8/2011,42
4/8/2011,35
5/8/2011,45
6/8/2011,55
7/8/2011,36
8/8/2011,50
9/8/2011,47
10/8/2011,35
11/8/2011,38
12/8/2011,54
13/8/2011 ,32
14/8/2011 ,52
15/8/2011 ,59
16/8/2011 ,46
17/8/2011 ,71
18/8/2011 ,59
19/8/2011 ,39
20/8/2011 ,43
21/8/2011 ,22
22/8/2011 ,38
23/8/2011 ,30
24/8/2011 ,51
25/8/2011 ,43
26/8/2011 ,41
27/8/2011 ,50
28/8/2011 ,47
29/8/2011 ,55
30/8/2011 ,56
31/8/2011 ,50
1/9/2011,42
2/9/2011,35
3/9/2011,28
4/9/2011,35
5/9/2011,32
6/9/2011,47
7/9/2011,50
8/9/2011,42
9/9/2011,51
10/9/2011,59
11/9/2011,48
12/9/2011,79
13/9/2011 ,78
14/9/2011 ,59
15/9/2011 ,54
16/9/2011 ,59
17/9/2011 ,37
18/9/2011 ,25
19/9/2011 ,33
20/9/2011 ,38
21/9/2011 ,48
22/9/2011 ,57
23/9/2011 ,43
24/9/2011 ,31
25/9/2011 ,47
26/9/2011 ,41
27/9/2011 ,47
28/9/2011 ,30
29/9/2011 ,29
30/9/2011 ,48
1/10/2011,32
2/10/2011,23
3/10/2011,46
4/10/2011,35
5/10/2011,33
6/10/2011,20
7/10/2011,28
8/10/2011,45
9/10/2011,58
10/10/2011,55
11/10/2011,51
12/10/2011,30
13/10/2011 ,28
14/10/2011 ,23
15/10/2011 ,23
16/10/2011 ,17
17/10/2011 ,31
18/10/2011 ,19
19/10/2011 ,33
20/10/2011 ,26
21/10/2011 ,28
22/10/2011 ,46
23/10/2011 ,38
24/10/2011 ,46
25/10/2011 ,43
26/10/2011 ,35
27/10/2011 ,41
28/10/2011 ,46
29/10/2011 ,38
30/10/2011 ,45
31/10/2011 ,53
1/11/2011,56
2/11/2011,56
3/11/2011,59
4/11/2011,22
5/11/2011,19
6/11/2011,26
7/11/2011,38
8/11/2011,18
9/11/2011,1
10/11/2011,6
11/11/2011,7
12/11/2011,4
13/11/2011 ,14
14/11/2011 ,16
15/11/2011 ,23
16/11/2011 ,20
17/11/2011 ,23
18/11/2011 ,37
19/11/2011 ,31
20/11/2011 ,30
21/11/2011 ,31
22/11/2011 ,21
23/11/2011 ,47
24/11/2011 ,61
25/11/2011 ,69
26/11/2011 ,64
27/11/2011 ,68
28/11/2011 ,65
29/11/2011 ,27
30/11/2011 ,34
1/12/2011,15
2/12/2011,32
3/12/2011,12
4/12/2011,10
5/12/2011,11
6/12/2011,19
7/12/2011,6
8/12/2011,23
9/12/2011,30
10/12/2011,29
11/12/2011,35
12/12/2011,43
13/12/2011 ,37
14/12/2011 ,41
15/12/2011 ,36
16/12/2011 ,37
17/12/2011 ,20
18/12/2011 ,33
19/12/2011 ,50
20/12/2011 ,58
21/12/2011 ,34
22/12/2011 ,52
23/12/2011 ,57
24/12/2011 ,22
25/12/2011 ,12
26/12/2011 ,14
27/12/2011 ,5
28/12/2011 ,4
29/12/2011 ,10
30/12/2011 ,8
31/12/2011 ,0
1/1/2012,0
2/1/2012,0
3/1/2012,1
4/1/2012,31
5/1/2012,29
6/1/2012,11
7/1/2012,53
8/1/2012,21
9/1/2012,56
10/1/2012,22
11/1/2012,8
12/1/2012,4
13/1/2012 ,6
14/1/2012 ,1
15/1/2012 ,0
16/1/2012 ,1
17/1/2012 ,0
18/1/2012 ,0
19/1/2012 ,6
20/1/2012 ,9
21/1/2012 ,7
22/1/2012 ,11
23/1/2012 ,18
24/1/2012 ,15
25/1/2012 ,9
26/1/2012 ,10
27/1/2012 ,18
28/1/2012 ,7
29/1/2012 ,5
30/1/2012 ,1
31/1/2012 ,14
1/2/2012,13
2/2/2012,16
3/2/2012,20
4/2/2012,21
5/2/2012,45
6/2/2012,49
7/2/2012,37
8/2/2012,51
9/2/2012,43
10/2/2012,30
11/2/2012,13
12/2/2012,11
13/2/2012 ,15
14/2/2012 ,48
15/2/2012 ,49
16/2/2012 ,31
17/2/2012 ,24
18/2/2012 ,11
19/2/2012 ,8
20/2/2012 ,11
21/2/2012 ,6
22/2/2012 ,9
23/2/2012 ,11
24/2/2012 ,32
25/2/2012 ,22
26/2/2012 ,24
27/2/2012 ,26
28/2/2012 ,56
29/2/2012 ,36
1/3/2012,32
2/3/2012,11
3/3/2012,11
4/3/2012,18
5/3/2012,15
6/3/2012,25
7/3/2012,23
8/3/2012,42
9/3/2012,9
10/3/2012,12
11/3/2012,24
12/3/2012,31
13/3/2012 ,31
14/3/2012 ,40
15/3/2012 ,39
16/3/2012 ,35
17/3/2012 ,21
18/3/2012 ,10
19/3/2012 ,10
20/3/2012 ,10
21/3/2012 ,18
22/3/2012 ,15
23/3/2012 ,8
24/3/2012 ,2
25/3/2012 ,5
26/3/2012 ,8
27/3/2012 ,17
28/3/2012 ,20
29/3/2012 ,19
30/3/2012 ,18
31/3/2012 ,17
1/4/2012,10
2/4/2012,14
3/4/2012,20
4/4/2012,16
5/4/2012,15
6/4/2012,16
7/4/2012,13
8/4/2012,26
9/4/2012,37
10/4/2012,27
11/4/2012,27
12/4/2012,37
13/4/2012 ,28
14/4/2012 ,28
15/4/2012 ,25
16/4/2012 ,58
17/4/2012 ,92
18/4/2012 ,62
19/4/2012 ,26
20/4/2012 ,46
21/4/2012 ,46
22/4/2012 ,41
23/4/2012 ,44
24/4/2012 ,63
25/4/2012 ,39
26/4/2012 ,31
27/4/2012 ,38
28/4/2012 ,38
29/4/2012 ,46
30/4/2012 ,49
1/5/2012,38
2/5/2012,24
3/5/2012,15
4/5/2012,31
5/5/2012,33
6/5/2012,60
7/5/2012,29
8/5/2012,29
9/5/2012,22
10/5/2012,15
11/5/2012,48
12/5/2012,32
13/5/2012 ,32
14/5/2012 ,40
15/5/2012 ,46
16/5/2012 ,39
17/5/2012 ,24
18/5/2012 ,55
19/5/2012 ,66
20/5/2012 ,57
21/5/2012 ,48
22/5/2012 ,49
23/5/2012 ,52
24/5/2012 ,64
25/5/2012 ,51
26/5/2012 ,49
27/5/2012 ,64
28/5/2012 ,64
29/5/2012 ,53
30/5/2012 ,47
31/5/2012 ,55
1/6/2012,53
2/6/2012,64
3/6/2012,51
4/6/2012,52
5/6/2012,48
6/6/2012,62
7/6/2012,47
8/6/2012,62
9/6/2012,56
10/6/2012,55
11/6/2012,48
12/6/2012,55
13/6/2012 ,48
14/6/2012 ,45
15/6/2012 ,46
16/6/2012 ,51
17/6/2012 ,43
18/6/2012 ,57
19/6/2012 ,54
20/6/2012 ,53
21/6/2012 ,58
22/6/2012 ,51
23/6/2012 ,50
24/6/2012 ,46
25/6/2012 ,50
26/6/2012 ,38
27/6/2012 ,41
28/6/2012 ,56
29/6/2012 ,69
30/6/2012 ,54
1/7/2012,50
2/7/2012,52
3/7/2012,50
4/7/2012,57
5/7/2012,42
6/7/2012,48
7/7/2012,46
8/7/2012,38
9/7/2012,60
10/7/2012,54
11/7/2012,26
12/7/2012,21
13/7/2012 ,39
14/7/2012 ,43
15/7/2012 ,53
16/7/2012 ,51
17/7/2012 ,42
18/7/2012 ,47
19/7/2012 ,52
20/7/2012 ,64
21/7/2012 ,56
22/7/2012 ,52
23/7/2012 ,52
24/7/2012 ,53
25/7/2012 ,48
26/7/2012 ,61
27/7/2012 ,59
28/7/2012 ,56
29/7/2012 ,47
30/7/2012 ,38
31/7/2012 ,43
1/8/2012,40
2/8/2012,61
3/8/2012,62
4/8/2012,56
5/8/2012,48
6/8/2012,44
7/8/2012,28
8/8/2012,61
9/8/2012,45
10/8/2012,44
11/8/2012,33
12/8/2012,32
13/8/2012 ,29
14/8/2012 ,33
15/8/2012 ,37
16/8/2012 ,48
17/8/2012 ,59
18/8/2012 ,54
19/8/2012 ,71
20/8/2012 ,47
21/8/2012 ,41
22/8/2012 ,45
23/8/2012 ,26
24/8/2012 ,47
25/8/2012 ,49
26/8/2012 ,58
27/8/2012 ,66
28/8/2012 ,52
29/8/2012 ,66
30/8/2012 ,56
31/8/2012 ,43
1/9/2012,31
2/9/2012,35
3/9/2012,60
4/9/2012,46
5/9/2012,58
6/9/2012,48
7/9/2012,65
8/9/2012,49
9/9/2012,63
10/9/2012,65
11/9/2012,63
12/9/2012,45
13/9/2012 ,46
14/9/2012 ,42
15/9/2012 ,56
16/9/2012 ,57
17/9/2012 ,54
18/9/2012 ,55
19/9/2012 ,40
20/9/2012 ,29
21/9/2012 ,21
22/9/2012 ,48
23/9/2012 ,56
24/9/2012 ,54
25/9/2012 ,49
26/9/2012 ,51
27/9/2012 ,60
28/9/2012 ,59
29/9/2012 ,53
30/9/2012 ,41
1/10/2012,48
2/10/2012,34
3/10/2012,16
4/10/2012,10
5/10/2012,11
6/10/2012,28
7/10/2012,34
8/10/2012,27
9/10/2012,27
10/10/2012,29
11/10/2012,40
12/10/2012,30
13/10/2012 ,25
14/10/2012 ,38
15/10/2012 ,64
16/10/2012 ,51
17/10/2012 ,41
18/10/2012 ,58
19/10/2012 ,52
20/10/2012 ,42
21/10/2012 ,34
22/10/2012 ,49
23/10/2012 ,59
24/10/2012 ,44
25/10/2012 ,31
26/10/2012 ,24
27/10/2012 ,23
28/10/2012 ,41
29/10/2012 ,78
30/10/2012 ,76
31/10/2012 ,71
1/11/2012,59
2/11/2012,32
3/11/2012,20
4/11/2012,14
5/11/2012,49
6/11/2012,45
7/11/2012,46
8/11/2012,41
9/11/2012,54
10/11/2012,47
11/11/2012,46
12/11/2012,43
13/11/2012 ,34
14/11/2012 ,33
15/11/2012 ,39
16/11/2012 ,65
17/11/2012 ,19
18/11/2012 ,8
19/11/2012 ,11
20/11/2012 ,10
21/11/2012 ,13
22/11/2012 ,17
23/11/2012 ,32
24/11/2012 ,35
25/11/2012 ,56
26/11/2012 ,61
27/11/2012 ,52
28/11/2012 ,37
29/11/2012 ,29
30/11/2012 ,15
1/12/2012,8
2/12/2012,3
3/12/2012,14
4/12/2012,25
5/12/2012,47
6/12/2012,30
7/12/2012,37
8/12/2012,61
9/12/2012,60
10/12/2012,28
11/12/2012,5
12/12/2012,12
13/12/2012 ,5
14/12/2012 ,5
15/12/2012 ,33
16/12/2012 ,49
17/12/2012 ,72
18/12/2012 ,40
19/12/2012 ,41
20/12/2012 ,26
21/12/2012 ,52
22/12/2012 ,67
23/12/2012 ,62
24/12/2012 ,44
25/12/2012 ,50
26/12/2012 ,55
27/12/2012 ,44
28/12/2012 ,45
29/12/2012 ,38
30/12/2012 ,18
31/12/2012 ,17
1/1/2013,34
2/1/2013,24
3/1/2013,45
4/1/2013,86
5/1/2013,53
6/1/2013,53
7/1/2013,53
8/1/2013,36
9/1/2013,28
10/1/2013,36
11/1/2013,31
12/1/2013,14
13/1/2013 ,17
14/1/2013 ,26
15/1/2013 ,1
16/1/2013 ,1
17/1/2013 ,0
18/1/2013 ,6
19/1/2013 ,0
20/1/2013 ,4
21/1/2013 ,6
22/1/2013 ,6
23/1/2013 ,32
24/1/2013 ,68
25/1/2013 ,58
26/1/2013 ,23
27/1/2013 ,10
28/1/2013 ,16
29/1/2013 ,3
30/1/2013 ,2
31/1/2013 ,3
1/2/2013,13
2/2/2013,13
3/2/2013,6
4/2/2013,17
5/2/2013,39
6/2/2013,41
7/2/2013,36
8/2/2013,21
9/2/2013,23
10/2/2013,24
11/2/2013,43
12/2/2013,45
13/2/2013 ,61
14/2/2013 ,66
15/2/2013 ,32
16/2/2013 ,20
17/2/2013 ,10
18/2/2013 ,13
19/2/2013 ,33
20/2/2013 ,10
21/2/2013 ,7
22/2/2013 ,4
23/2/2013 ,3
24/2/2013 ,7
25/2/2013 ,8
26/2/2013 ,7
27/2/2013 ,12
28/2/2013 ,11
1/3/2013,21
2/3/2013,16
3/3/2013,19
4/3/2013,56
5/3/2013,38
6/3/2013,29
7/3/2013,21
8/3/2013,54
9/3/2013,35
10/3/2013,21
11/3/2013,25
12/3/2013,18
13/3/2013 ,10
14/3/2013 ,23
15/3/2013 ,33
16/3/2013 ,18
17/3/2013 ,20
18/3/2013 ,13
19/3/2013 ,16
20/3/2013 ,7
21/3/2013 ,14
22/3/2013 ,8
23/3/2013 ,21
24/3/2013 ,52
25/3/2013 ,34
26/3/2013 ,50
27/3/2013 ,23
28/3/2013 ,26
29/3/2013 ,39
30/3/2013 ,19
31/3/2013 ,27
1/4/2013,11
2/4/2013,8
3/4/2013,18
4/4/2013,31
5/4/2013,72
6/4/2013,30
7/4/2013,18
8/4/2013,26
9/4/2013,16
10/4/2013,55
11/4/2013,26
12/4/2013,17
13/4/2013 ,22
14/4/2013 ,13
15/4/2013 ,34
16/4/2013 ,52
17/4/2013 ,46
18/4/2013 ,44
19/4/2013 ,35
20/4/2013 ,31
21/4/2013 ,20
22/4/2013 ,29
23/4/2013 ,26
24/4/2013 ,26
25/4/2013 ,34
26/4/2013 ,27
27/4/2013 ,32
28/4/2013 ,36
29/4/2013 ,46
30/4/2013 ,40
1/5/2013,52
2/5/2013,40
3/5/2013,53
4/5/2013,56
5/5/2013,39
6/5/2013,53
7/5/2013,58
8/5/2013,43
9/5/2013,61
10/5/2013,74
11/5/2013,81
12/5/2013,61
13/5/2013 ,76
14/5/2013 ,67
15/5/2013 ,89
16/5/2013 ,55
17/5/2013 ,35
18/5/2013 ,46
19/5/2013 ,44
20/5/2013 ,60
21/5/2013 ,43
22/5/2013 ,41
23/5/2013 ,56
24/5/2013 ,60
25/5/2013 ,71
26/5/2013 ,68
27/5/2013 ,58
28/5/2013 ,53
29/5/2013 ,54
30/5/2013 ,54
31/5/2013 ,54
1/6/2013,57
2/6/2013,64
3/6/2013,62
4/6/2013,63
5/6/2013,75
6/6/2013,61
7/6/2013,49
8/6/2013,88
9/6/2013,60
10/6/2013,61
11/6/2013,66
12/6/2013,47
13/6/2013 ,55
14/6/2013 ,47
15/6/2013 ,52
16/6/2013 ,53
17/6/2013 ,58
18/6/2013 ,63
19/6/2013 ,51
20/6/2013 ,44
21/6/2013 ,59
22/6/2013 ,53
23/6/2013 ,55
24/6/2013 ,42
25/6/2013 ,38
26/6/2013 ,42
27/6/2013 ,36
28/6/2013 ,40
29/6/2013 ,35
30/6/2013 ,35
1/7/2013,39
2/7/2013,41
3/7/2013,37
4/7/2013,50
5/7/2013,32
6/7/2013,32
7/7/2013,57
8/7/2013,46
9/7/2013,50
10/7/2013,53
11/7/2013,31
12/7/2013,25
13/7/2013 ,33
14/7/2013 ,66
15/7/2013 ,53
16/7/2013 ,47
17/7/2013 ,50
18/7/2013 ,45
19/7/2013 ,46
20/7/2013 ,47
21/7/2013 ,49
22/7/2013 ,49
23/7/2013 ,48
24/7/2013 ,34
25/7/2013 ,44
26/7/2013 ,30
27/7/2013 ,20
28/7/2013 ,51
29/7/2013 ,33
30/7/2013 ,42
31/7/2013 ,48
1/8/2013,31
2/8/2013,34
3/8/2013,36
4/8/2013,53
5/8/2013,72
6/8/2013,40
7/8/2013,60
8/8/2013,69
9/8/2013,61
10/8/2013,64
11/8/2013,64
12/8/2013,67
13/8/2013 ,59
14/8/2013 ,41
15/8/2013 ,49
16/8/2013 ,35
17/8/2013 ,25
18/8/2013 ,36
19/8/2013 ,30
20/8/2013 ,41
21/8/2013 ,41
22/8/2013 ,50
23/8/2013 ,50
24/8/2013 ,63
25/8/2013 ,43
26/8/2013 ,39
27/8/2013 ,41
28/8/2013 ,44
29/8/2013 ,29
30/8/2013 ,31
31/8/2013 ,41
1/9/2013,35
2/9/2013,50
3/9/2013,53
4/9/2013,48
5/9/2013,63
6/9/2013,57
7/9/2013,49
8/9/2013,44
9/9/2013,63
10/9/2013,61
11/9/2013,65
12/9/2013,58
13/9/2013 ,53
14/9/2013 ,58
15/9/2013 ,51
16/9/2013 ,58
17/9/2013 ,51
18/9/2013 ,64
19/9/2013 ,73
20/9/2013 ,66
21/9/2013 ,60
22/9/2013 ,66
23/9/2013 ,53
24/9/2013 ,42
25/9/2013 ,47
26/9/2013 ,35
27/9/2013 ,34
28/9/2013 ,47
29/9/2013 ,35
30/9/2013 ,39
1/10/2013,59
2/10/2013,46
3/10/2013,41
4/10/2013,35
5/10/2013,42
6/10/2013,33
7/10/2013,43
8/10/2013,40
9/10/2013,46
10/10/2013,41
11/10/2013,49
12/10/2013,68
13/10/2013 ,49
14/10/2013 ,47
15/10/2013 ,51
16/10/2013 ,46
17/10/2013 ,37
18/10/2013 ,43
19/10/2013 ,44
20/10/2013 ,64
21/10/2013 ,42
22/10/2013 ,48
23/10/2013 ,42
24/10/2013 ,31
25/10/2013 ,37
26/10/2013 ,30
27/10/2013 ,27
28/10/2013 ,26
29/10/2013 ,26
30/10/2013 ,45
31/10/2013 ,68
1/11/2013,36
2/11/2013,33
3/11/2013,31
4/11/2013,35
5/11/2013,21
6/11/2013,21
7/11/2013,19
8/11/2013,29
9/11/2013,46
10/11/2013,31
11/11/2013,35
12/11/2013,51
13/11/2013 ,33
14/11/2013 ,17
15/11/2013 ,8
16/11/2013 ,25
17/11/2013 ,48
18/11/2013 ,31
19/11/2013 ,48
20/11/2013 ,23
21/11/2013 ,18
22/11/2013 ,19
23/11/2013 ,46
24/11/2013 ,56
25/11/2013 ,24
26/11/2013 ,24
27/11/2013 ,7
28/11/2013 ,10
29/11/2013 ,19
30/11/2013 ,45
1/12/2013,53
2/12/2013,54
3/12/2013,34
4/12/2013,51
5/12/2013,64
6/12/2013,47
7/12/2013,15
8/12/2013,36
9/12/2013,9
10/12/2013,4
11/12/2013,6
12/12/2013,24
13/12/2013 ,32
14/12/2013 ,42
15/12/2013 ,64
16/12/2013 ,37
17/12/2013 ,31
18/12/2013 ,41
19/12/2013 ,45
20/12/2013 ,25
21/12/2013 ,30
22/12/2013 ,13
23/12/2013 ,12
24/12/2013 ,36
25/12/2013 ,35
26/12/2013 ,15
27/12/2013 ,31
28/12/2013 ,33
29/12/2013 ,9
30/12/2013 ,7
31/12/2013 ,33
1/1/2014,12
2/1/2014,14
3/1/2014,57
4/1/2014,23
5/1/2014,16
6/1/2014,44
7/1/2014,38
8/1/2014,23
9/1/2014,30
10/1/2014,49
11/1/2014,20
12/1/2014,22
13/1/2014 ,29
14/1/2014 ,54
15/1/2014 ,48
16/1/2014 ,59
17/1/2014 ,32
18/1/2014 ,20
19/1/2014 ,13
20/1/2014 ,12
21/1/2014 ,12
22/1/2014 ,24
23/1/2014 ,23
24/1/2014 ,14
25/1/2014 ,2
26/1/2014 ,10
27/1/2014 ,20
28/1/2014 ,32
29/1/2014 ,48
30/1/2014 ,38
31/1/2014 ,17
1/2/2014,16
2/2/2014,25
3/2/2014,7
4/2/2014,5
5/2/2014,0
6/2/2014,0
7/2/2014,1
8/2/2014,6
9/2/2014,20
10/2/2014,1
11/2/2014,3
12/2/2014,13
13/2/2014 ,2
14/2/2014 ,1
15/2/2014 ,12
16/2/2014 ,6
17/2/2014 ,7
18/2/2014 ,21
19/2/2014 ,20
20/2/2014 ,31
21/2/2014 ,21
22/2/2014 ,16
23/2/2014 ,36
24/2/2014 ,21
25/2/2014 ,16
26/2/2014 ,6
27/2/2014 ,21
28/2/2014 ,18
1/3/2014,27
2/3/2014,20
3/3/2014,24
4/3/2014,33
5/3/2014,41
6/3/2014,37
7/3/2014,28
8/3/2014,31
9/3/2014,23
10/3/2014,16
11/3/2014,17
12/3/2014,12
13/3/2014 ,9
14/3/2014 ,4
15/3/2014 ,14
16/3/2014 ,15
17/3/2014 ,22
18/3/2014 ,29
19/3/2014 ,38
20/3/2014 ,33
21/3/2014 ,21
22/3/2014 ,14
23/3/2014 ,18
24/3/2014 ,58
25/3/2014 ,50
26/3/2014 ,54
27/3/2014 ,38
28/3/2014 ,13
29/3/2014 ,6
30/3/2014 ,11
31/3/2014 ,30
1/4/2014,20
2/4/2014,30
3/4/2014,23
4/4/2014,46
5/4/2014,59
6/4/2014,31
7/4/2014,24
8/4/2014,34
9/4/2014,16
10/4/2014,30
11/4/2014,41
12/4/2014,25
13/4/2014 ,21
14/4/2014 ,20
15/4/2014 ,21
16/4/2014 ,16
17/4/2014 ,14
18/4/2014 ,23
19/4/2014 ,20
20/4/2014 ,26
21/4/2014 ,44
22/4/2014 ,31
23/4/2014 ,36
24/4/2014 ,33
25/4/2014 ,19
26/4/2014 ,17
27/4/2014 ,26
28/4/2014 ,48
29/4/2014 ,72
30/4/2014 ,48
1/5/2014,38
2/5/2014,25
3/5/2014,43
4/5/2014,74
5/5/2014,64
6/5/2014,63
7/5/2014,48
8/5/2014,42
9/5/2014,27
10/5/2014,32
11/5/2014,29
12/5/2014,43
13/5/2014 ,37
14/5/2014 ,59
15/5/2014 ,60
16/5/2014 ,66
17/5/2014 ,46
18/5/2014 ,42
19/5/2014 ,52
20/5/2014 ,36
21/5/2014 ,58
22/5/2014 ,46
23/5/2014 ,58
24/5/2014 ,54
25/5/2014 ,48
26/5/2014 ,49
27/5/2014 ,46
28/5/2014 ,37
29/5/2014 ,28
30/5/2014 ,44
31/5/2014 ,67
1/6/2014,59
2/6/2014,39
3/6/2014,54
4/6/2014,58
5/6/2014,66
6/6/2014,63
7/6/2014,59
8/6/2014,70
9/6/2014,52
10/6/2014,43
11/6/2014,60
12/6/2014,77
13/6/2014 ,58
14/6/2014 ,53
15/6/2014 ,36
16/6/2014 ,49
17/6/2014 ,36
18/6/2014 ,62
19/6/2014 ,58
20/6/2014 ,53
21/6/2014 ,62
22/6/2014 ,56
23/6/2014 ,52
24/6/2014 ,54
25/6/2014 ,54
26/6/2014 ,54
27/6/2014 ,50
28/6/2014 ,51
29/6/2014 ,51
30/6/2014 ,54
1/7/2014,65
2/7/2014,41
3/7/2014,36
4/7/2014,32
5/7/2014,46
6/7/2014,37
7/7/2014,55
8/7/2014,45
9/7/2014,50
10/7/2014,56
11/7/2014,48
12/7/2014,55
13/7/2014 ,55
14/7/2014 ,63
15/7/2014 ,54
16/7/2014 ,56
17/7/2014 ,52
18/7/2014 ,54
19/7/2014 ,52
20/7/2014 ,56
21/7/2014 ,56
22/7/2014 ,37
23/7/2014 ,40
24/7/2014 ,52
25/7/2014 ,52
26/7/2014 ,37
27/7/2014 ,46
28/7/2014 ,52
29/7/2014 ,53
30/7/2014 ,51
31/7/2014 ,50
1/8/2014,58
2/8/2014,37
3/8/2014,55
4/8/2014,42
5/8/2014,54
6/8/2014,49
7/8/2014,53
8/8/2014,64
9/8/2014,57
10/8/2014,39
11/8/2014,58
12/8/2014,44
13/8/2014 ,43
14/8/2014 ,27
15/8/2014 ,37
16/8/2014 ,29
17/8/2014 ,40
18/8/2014 ,50
19/8/2014 ,22
20/8/2014 ,30
21/8/2014 ,56
22/8/2014 ,77
23/8/2014 ,59
24/8/2014 ,33
25/8/2014 ,45
26/8/2014 ,55
27/8/2014 ,50
28/8/2014 ,53
29/8/2014 ,44
30/8/2014 ,45
31/8/2014 ,52
1/9/2014,46
2/9/2014,42
3/9/2014,43
4/9/2014,40
5/9/2014,55
6/9/2014,61
7/9/2014,61
8/9/2014,44
9/9/2014,53
10/9/2014,64
11/9/2014,57
12/9/2014,59
13/9/2014 ,60
14/9/2014 ,65
15/9/2014 ,70
16/9/2014 ,62
17/9/2014 ,53
18/9/2014 ,62
19/9/2014 ,60
20/9/2014 ,57
21/9/2014 ,66
22/9/2014 ,49
23/9/2014 ,58
24/9/2014 ,62
25/9/2014 ,43
26/9/2014 ,38
27/9/2014 ,28
28/9/2014 ,53
29/9/2014 ,46
30/9/2014 ,53
1/10/2014,49
2/10/2014,60
3/10/2014,54
4/10/2014,45
5/10/2014,51
6/10/2014,52
7/10/2014,48
8/10/2014,45
9/10/2014,34
10/10/2014,57
11/10/2014,53
12/10/2014,58
13/10/2014 ,41
14/10/2014 ,30
15/10/2014 ,33
16/10/2014 ,40
17/10/2014 ,45
18/10/2014 ,73
19/10/2014 ,35
20/10/2014 ,25
21/10/2014 ,53
22/10/2014 ,37
23/10/2014 ,53
24/10/2014 ,23
25/10/2014 ,31
26/10/2014 ,29
27/10/2014 ,34
28/10/2014 ,37
29/10/2014 ,56
30/10/2014 ,66
31/10/2014 ,61
1/11/2014,25
2/11/2014,50
3/11/2014,68
4/11/2014,73
5/11/2014,17
6/11/2014,7
7/11/2014,5
8/11/2014,4
9/11/2014,11
10/11/2014,16
11/11/2014,27
12/11/2014,30
13/11/2014 ,26
14/11/2014 ,27
15/11/2014 ,18
16/11/2014 ,36
17/11/2014 ,27
18/11/2014 ,24
19/11/2014 ,37
20/11/2014 ,68
21/11/2014 ,77
22/11/2014 ,65
23/11/2014 ,72
24/11/2014 ,67
25/11/2014 ,70
26/11/2014 ,59
27/11/2014 ,66
28/11/2014 ,41
29/11/2014 ,48
30/11/2014 ,64
1/12/2014,41
2/12/2014,30
3/12/2014,30
4/12/2014,42
5/12/2014,48
6/12/2014,32
7/12/2014,41
8/12/2014,43
9/12/2014,48
10/12/2014,57
11/12/2014,24
12/12/2014,50
13/12/2014 ,40
14/12/2014 ,36
15/12/2014 ,21
16/12/2014 ,34
17/12/2014 ,49
18/12/2014 ,57
19/12/2014 ,58
20/12/2014 ,78
21/12/2014 ,46
22/12/2014 ,66
23/12/2014 ,57
24/12/2014 ,61
25/12/2014 ,83
26/12/2014 ,51
27/12/2014 ,42
28/12/2014 ,68
29/12/2014 ,72
30/12/2014 ,41
31/12/2014 ,16
1/1/2015,14
2/1/2015,4
3/1/2015,0
4/1/2015,13
5/1/2015,12
6/1/2015,18
7/1/2015,15
8/1/2015,6
9/1/2015,3
10/1/2015,3
11/1/2015,3
12/1/2015,2
13/1/2015 ,0
14/1/2015 ,27
15/1/2015 ,26
16/1/2015 ,26
17/1/2015 ,41
18/1/2015 ,20
19/1/2015 ,10
20/1/2015 ,23
21/1/2015 ,1
22/1/2015 ,6
23/1/2015 ,26
24/1/2015 ,27
25/1/2015 ,14
26/1/2015 ,31
27/1/2015 ,27
28/1/2015 ,55
29/1/2015 ,40
30/1/2015 ,42
31/1/2015 ,14
1/2/2015,21
2/2/2015,24
3/2/2015,24
4/2/2015,44
5/2/2015,44
6/2/2015,57
7/2/2015,17
8/2/2015,29
9/2/2015,38
10/2/2015,35
11/2/2015,25
12/2/2015,21
13/2/2015 ,34
14/2/2015 ,8
15/2/2015 ,5
16/2/2015 ,8
17/2/2015 ,9
18/2/2015 ,6
19/2/2015 ,3
20/2/2015 ,8
21/2/2015 ,22
22/2/2015 ,40
23/2/2015 ,47
24/2/2015 ,66
25/2/2015 ,44
26/2/2015 ,41
27/2/2015 ,56
28/2/2015 ,29
1/3/2015,23
2/3/2015,30
3/3/2015,13
4/3/2015,29
5/3/2015,15
6/3/2015,31
7/3/2015,21
8/3/2015,20
9/3/2015,33
10/3/2015,25
11/3/2015,58
12/3/2015,58
13/3/2015 ,63
14/3/2015 ,56
15/3/2015 ,52
16/3/2015 ,57
17/3/2015 ,55
18/3/2015 ,53
19/3/2015 ,25
20/3/2015 ,29
21/3/2015 ,24
22/3/2015 ,22
23/3/2015 ,44
24/3/2015 ,52
25/3/2015 ,30
26/3/2015 ,27
27/3/2015 ,50
28/3/2015 ,47
29/3/2015 ,28
30/3/2015 ,33
31/3/2015 ,28
1/4/2015,25
2/4/2015,20
3/4/2015,35
4/4/2015,51
5/4/2015,24
6/4/2015,23
7/4/2015,44
8/4/2015,68
9/4/2015,53
10/4/2015,22
11/4/2015,19
12/4/2015,23
13/4/2015 ,63
14/4/2015 ,57
15/4/2015 ,57
16/4/2015 ,19
17/4/2015 ,15
18/4/2015 ,20
19/4/2015 ,16
20/4/2015 ,50
21/4/2015 ,66
22/4/2015 ,42
23/4/2015 ,61
24/4/2015 ,50
25/4/2015 ,44
26/4/2015 ,32
27/4/2015 ,25
28/4/2015 ,48
29/4/2015 ,47
30/4/2015 ,54
1/5/2015,52
2/5/2015,58
3/5/2015,61
4/5/2015,19
5/5/2015,27
6/5/2015,27
7/5/2015,24
8/5/2015,45
9/5/2015,55
10/5/2015,62
11/5/2015,63
12/5/2015,49
13/5/2015 ,36
14/5/2015 ,60
15/5/2015 ,45
16/5/2015 ,62
17/5/2015 ,70
18/5/2015 ,50
19/5/2015 ,53
20/5/2015 ,84
21/5/2015 ,60
22/5/2015 ,55
23/5/2015 ,62
24/5/2015 ,64
25/5/2015 ,63
26/5/2015 ,72
27/5/2015 ,56
28/5/2015 ,82
29/5/2015 ,69
30/5/2015 ,60
31/5/2015 ,49
1/6/2015,43
2/6/2015,40
3/6/2015,29
4/6/2015,28
5/6/2015,34
6/6/2015,61
7/6/2015,71
8/6/2015,37
9/6/2015,61
10/6/2015,60
11/6/2015,51
12/6/2015,49
13/6/2015 ,66
14/6/2015 ,75
15/6/2015 ,87
16/6/2015 ,89
17/6/2015 ,84
18/6/2015 ,70
19/6/2015 ,60
20/6/2015 ,65
21/6/2015 ,48
22/6/2015 ,56
23/6/2015 ,36
24/6/2015 ,53
25/6/2015 ,62
26/6/2015 ,74
27/6/2015 ,59
28/6/2015 ,58
29/6/2015 ,57
30/6/2015 ,70
1/7/2015,52
2/7/2015,65
3/7/2015,62
4/7/2015,62
5/7/2015,67
6/7/2015,71
7/7/2015,74
8/7/2015,72
9/7/2015,68
10/7/2015,58
11/7/2015,63
12/7/2015,81
13/7/2015 ,68
14/7/2015 ,83
15/7/2015 ,70
16/7/2015 ,78
17/7/2015 ,62
18/7/2015 ,57
19/7/2015 ,83
20/7/2015 ,79
21/7/2015 ,71
22/7/2015 ,53
23/7/2015 ,53
24/7/2015 ,58
25/7/2015 ,82
26/7/2015 ,74
27/7/2015 ,71
28/7/2015 ,67
29/7/2015 ,85
30/7/2015 ,82
31/7/2015 ,54
1/8/2015,56
2/8/2015,66
3/8/2015,63
4/8/2015,57
5/8/2015,59
6/8/2015,67
7/8/2015,78
8/8/2015,73
9/8/2015,86
10/8/2015,65
11/8/2015,61
12/8/2015,76
13/8/2015 ,71
14/8/2015 ,65
15/8/2015 ,77
16/8/2015 ,56
17/8/2015 ,32
18/8/2015 ,32
19/8/2015 ,24
20/8/2015 ,51
21/8/2015 ,51
22/8/2015 ,65
23/8/2015 ,61
24/8/2015 ,59
25/8/2015 ,70
26/8/2015 ,78
27/8/2015 ,63
28/8/2015 ,54
29/8/2015 ,65
30/8/2015 ,66
31/8/2015 ,65
1/9/2015,63
2/9/2015,64
3/9/2015,71
4/9/2015,47
5/9/2015,70
6/9/2015,62
7/9/2015,54
8/9/2015,35
9/9/2015,44
10/9/2015,54
11/9/2015,51
12/9/2015,60
13/9/2015 ,65
14/9/2015 ,70
15/9/2015 ,58
16/9/2015 ,65
17/9/2015 ,55
18/9/2015 ,61
19/9/2015 ,55
20/9/2015 ,59
21/9/2015 ,66
22/9/2015 ,66
23/9/2015 ,56
24/9/2015 ,56
25/9/2015 ,67
26/9/2015 ,43
27/9/2015 ,56
28/9/2015 ,42
29/9/2015 ,59
30/9/2015 ,73
1/10/2015,29
2/10/2015,31
3/10/2015,35
4/10/2015,46
5/10/2015,42
6/10/2015,60
7/10/2015,54
8/10/2015,42
9/10/2015,34
10/10/2015,36
11/10/2015,40
12/10/2015,31
13/10/2015 ,39
14/10/2015 ,59
15/10/2015 ,58
16/10/2015 ,54
17/10/2015 ,49
18/10/2015 ,46
19/10/2015 ,35
20/10/2015 ,54
21/10/2015 ,39
22/10/2015 ,51
23/10/2015 ,52
24/10/2015 ,61
25/10/2015 ,48
26/10/2015 ,63
27/10/2015 ,81
28/10/2015 ,58
29/10/2015 ,61
30/10/2015 ,56
31/10/2015 ,42
1/11/2015,38
2/11/2015,64
3/11/2015,73
4/11/2015,22
5/11/2015,37
6/11/2015,66
7/11/2015,72
8/11/2015,65
9/11/2015,87
10/11/2015,34
11/11/2015,47
12/11/2015,38
13/11/2015 ,67
14/11/2015 ,85
15/11/2015 ,76
16/11/2015 ,46
17/11/2015 ,56
18/11/2015 ,38
19/11/2015 ,37
20/11/2015 ,32
21/11/2015 ,66
22/11/2015 ,45
23/11/2015 ,41
24/11/2015 ,27
25/11/2015 ,36
26/11/2015 ,25
27/11/2015 ,44
28/11/2015 ,58
29/11/2015 ,56
30/11/2015 ,54
1/12/2015,54
2/12/2015,51
3/12/2015,30
4/12/2015,40
5/12/2015,45
6/12/2015,28
7/12/2015,67
8/12/2015,69
9/12/2015,28
10/12/2015,49
11/12/2015,67
12/12/2015,56
13/12/2015 ,52
14/12/2015 ,36
15/12/2015 ,42
16/12/2015 ,32
17/12/2015 ,37
18/12/2015 ,57
19/12/2015 ,55
20/12/2015 ,57
21/12/2015 ,26
22/12/2015 ,2
23/12/2015 ,2
24/12/2015 ,12
25/12/2015 ,23
26/12/2015 ,18
27/12/2015 ,32
28/12/2015 ,25
29/12/2015 ,54
30/12/2015 ,28
31/12/2015 ,29
1/1/2016,30
2/1/2016,27
3/1/2016,14
4/1/2016,54
5/1/2016,34
6/1/2016,31
7/1/2016,42
8/1/2016,30
9/1/2016,24
10/1/2016,34
11/1/2016,19
12/1/2016,4
13/1/2016 ,36
14/1/2016 ,50
15/1/2016 ,49
16/1/2016 ,19
17/1/2016 ,11
18/1/2016 ,12
19/1/2016 ,13
20/1/2016 ,4
21/1/2016 ,13
22/1/2016 ,20
23/1/2016 ,20
24/1/2016 ,31
25/1/2016 ,23
26/1/2016 ,24
27/1/2016 ,2
28/1/2016 ,2
29/1/2016 ,13
30/1/2016 ,3
31/1/2016 ,3
1/2/2016,12
2/2/2016,6
3/2/2016,1
4/2/2016,9
5/2/2016,33
6/2/2016,23
7/2/2016,42
8/2/2016,21
9/2/2016,37
10/2/2016,10
11/2/2016,16
12/2/2016,14
13/2/2016 ,59
14/2/2016 ,27
15/2/2016 ,20
16/2/2016 ,23
17/2/2016 ,36
18/2/2016 ,36
19/2/2016 ,22
20/2/2016 ,22
21/2/2016 ,9
22/2/2016 ,11
23/2/2016 ,29
24/2/2016 ,20
25/2/2016 ,18
26/2/2016 ,18
27/2/2016 ,20
28/2/2016 ,16
29/2/2016 ,27
1/3/2016,27
2/3/2016,18
3/3/2016,18
4/3/2016,38
5/3/2016,32
6/3/2016,46
7/3/2016,46
8/3/2016,39
9/3/2016,21
10/3/2016,46
11/3/2016,37
12/3/2016,39
13/3/2016 ,55
14/3/2016 ,46
15/3/2016 ,22
16/3/2016 ,37
17/3/2016 ,45
18/3/2016 ,46
19/3/2016 ,62
20/3/2016 ,15
21/3/2016 ,30
22/3/2016 ,43
23/3/2016 ,25
24/3/2016 ,35
25/3/2016 ,31
26/3/2016 ,15
27/3/2016 ,35
28/3/2016 ,36
29/3/2016 ,28
30/3/2016 ,24
31/3/2016 ,24
1/4/2016,33
2/4/2016,14
3/4/2016,27
4/4/2016,24
5/4/2016,22
6/4/2016,13
7/4/2016,20
8/4/2016,29
9/4/2016,25
10/4/2016,26
11/4/2016,21
12/4/2016,31
13/4/2016 ,51
14/4/2016 ,56
15/4/2016 ,56
16/4/2016 ,67
17/4/2016 ,64
18/4/2016 ,64
19/4/2016 ,64
20/4/2016 ,58
21/4/2016 ,28
22/4/2016 ,58
23/4/2016 ,68
24/4/2016 ,58
25/4/2016 ,53
26/4/2016 ,28
27/4/2016 ,23
28/4/2016 ,26
29/4/2016 ,27
30/4/2016 ,41
1/5/2016,35
2/5/2016,43
3/5/2016,29
4/5/2016,21
5/5/2016,26
6/5/2016,45
7/5/2016,69
8/5/2016,65
9/5/2016,67
10/5/2016,58
11/5/2016,69
12/5/2016,58
13/5/2016 ,54
14/5/2016 ,46
15/5/2016 ,100
16/5/2016 ,88
17/5/2016 ,73
18/5/2016 ,41
19/5/2016 ,59
20/5/2016 ,56
21/5/2016 ,60
22/5/2016 ,52
23/5/2016 ,56
24/5/2016 ,40
25/5/2016 ,42
26/5/2016 ,83
27/5/2016 ,49
28/5/2016 ,93
29/5/2016 ,60
30/5/2016 ,49
31/5/2016 ,64
1/6/2016,61
2/6/2016,78
3/6/2016,71
4/6/2016,66
5/6/2016,63
6/6/2016,70
7/6/2016,62
8/6/2016,50
9/6/2016,48
10/6/2016,40
11/6/2016,44
12/6/2016,63
13/6/2016 ,77
14/6/2016 ,81
15/6/2016 ,83
16/6/2016 ,59
17/6/2016 ,63
18/6/2016 ,81
19/6/2016 ,70
20/6/2016 ,66
21/6/2016 ,59
22/6/2016 ,49
23/6/2016 ,43
24/6/2016 ,37
25/6/2016 ,24
26/6/2016 ,47
27/6/2016 ,83
28/6/2016 ,68
29/6/2016 ,69
30/6/2016 ,48
1/7/2016,41
2/7/2016,59
3/7/2016,45
4/7/2016,31
5/7/2016,60
6/7/2016,64
7/7/2016,68
8/7/2016,57
9/7/2016,50
10/7/2016,44
11/7/2016,57
12/7/2016,51
13/7/2016 ,46
14/7/2016 ,45
15/7/2016 ,66
16/7/2016 ,77
17/7/2016 ,50
18/7/2016 ,58
19/7/2016 ,63
20/7/2016 ,57
21/7/2016 ,62
22/7/2016 ,65
23/7/2016 ,62
24/7/2016 ,58
25/7/2016 ,59
26/7/2016 ,59
27/7/2016 ,55
28/7/2016 ,53
29/7/2016 ,81
30/7/2016 ,76
31/7/2016 ,54
1/8/2016,64
2/8/2016,84
3/8/2016,78
4/8/2016,55
5/8/2016,45
6/8/2016,39
7/8/2016,57
8/8/2016,67
9/8/2016,69
10/8/2016,75
11/8/2016,84
12/8/2016,88
13/8/2016 ,80
14/8/2016 ,70
15/8/2016 ,62
16/8/2016 ,73
17/8/2016 ,69
18/8/2016 ,69
19/8/2016 ,67
20/8/2016 ,72
21/8/2016 ,82
22/8/2016 ,78
23/8/2016 ,66
24/8/2016 ,72
25/8/2016 ,63
26/8/2016 ,72
27/8/2016 ,87
28/8/2016 ,89
29/8/2016 ,91
30/8/2016 ,88
31/8/2016 ,78
1/9/2016,87
2/9/2016,89
3/9/2016,96
4/9/2016,92
5/9/2016,93
6/9/2016,89
7/9/2016,68
8/9/2016,89
9/9/2016,85
10/9/2016,72
11/9/2016,88
12/9/2016,80
13/9/2016 ,92
14/9/2016 ,90
15/9/2016 ,89
16/9/2016 ,78
17/9/2016 ,64
18/9/2016 ,70
19/9/2016 ,79
20/9/2016 ,90
21/9/2016 ,91
22/9/2016 ,79
23/9/2016 ,95
24/9/2016 ,90
25/9/2016 ,91
26/9/2016 ,89
27/9/2016 ,84
28/9/2016 ,85
29/9/2016 ,76
30/9/2016 ,84
1/10/2016,75
2/10/2016,56
3/10/2016,55
4/10/2016,73
5/10/2016,68
6/10/2016,67
7/10/2016,68
8/10/2016,71
9/10/2016,78
10/10/2016,64
11/10/2016,79
12/10/2016,68
13/10/2016 ,73
14/10/2016 ,22
15/10/2016 ,24
16/10/2016 ,34
17/10/2016 ,21
18/10/2016 ,20
19/10/2016 ,34
20/10/2016 ,78
21/10/2016 ,57
22/10/2016 ,58
23/10/2016 ,71
24/10/2016 ,41
25/10/2016 ,32
26/10/2016 ,29
27/10/2016 ,35
28/10/2016 ,54
29/10/2016 ,69
30/10/2016 ,70
31/10/2016 ,61
1/11/2016,44
2/11/2016,48
3/11/2016,44
4/11/2016,52
5/11/2016,37
6/11/2016,24
7/11/2016,18
8/11/2016,17
9/11/2016,14
10/11/2016,25
11/11/2016,31
12/11/2016,33
13/11/2016 ,42
14/11/2016 ,46
15/11/2016 ,33
16/11/2016 ,30
17/11/2016 ,45
18/11/2016 ,28
19/11/2016 ,66
20/11/2016 ,67
21/11/2016 ,62
22/11/2016 ,56
23/11/2016 ,37
24/11/2016 ,33
25/11/2016 ,21
26/11/2016 ,39
27/11/2016 ,12
28/11/2016 ,33
29/11/2016 ,46
30/11/2016 ,45
1/12/2016,48
2/12/2016,33
3/12/2016,7
4/12/2016,17
5/12/2016,7
6/12/2016,6
7/12/2016,17
8/12/2016,27
9/12/2016,41
10/12/2016,24
11/12/2016,55
12/12/2016,39
13/12/2016 ,34
14/12/2016 ,35
15/12/2016 ,13
16/12/2016 ,19
17/12/2016 ,15
18/12/2016 ,6
19/12/2016 ,39
20/12/2016 ,44
21/12/2016 ,43
22/12/2016 ,26
23/12/2016 ,1
24/12/2016 ,1
25/12/2016 ,7
26/12/2016 ,49
27/12/2016 ,57
28/12/2016 ,46
29/12/2016 ,23
30/12/2016 ,9
31/12/2016 ,20
1/1/2017,33
2/1/2017,15
3/1/2017,11
4/1/2017,2
5/1/2017,0
6/1/2017,1
7/1/2017,0
8/1/2017,0
9/1/2017,0
10/1/2017,2
11/1/2017,5
12/1/2017,5
13/1/2017 ,5
14/1/2017 ,6
15/1/2017 ,13
16/1/2017 ,12
17/1/2017 ,1
18/1/2017 ,11
19/1/2017 ,19
20/1/2017 ,21
21/1/2017 ,29
22/1/2017 ,42
23/1/2017 ,48
24/1/2017 ,57
25/1/2017 ,39
26/1/2017 ,30
27/1/2017 ,84
28/1/2017 ,54
29/1/2017 ,23
30/1/2017 ,28
31/1/2017 ,11
1/2/2017,1
2/2/2017,16
3/2/2017,0
4/2/2017,0
5/2/2017,1
6/2/2017,3
7/2/2017,0
8/2/2017,2
9/2/2017,2
10/2/2017,7
11/2/2017,18
12/2/2017,24
13/2/2017 ,22
14/2/2017 ,21
15/2/2017 ,17
16/2/2017 ,13
17/2/2017 ,12
18/2/2017 ,28
19/2/2017 ,27
20/2/2017 ,49
21/2/2017 ,7
22/2/2017 ,12
23/2/2017 ,39
24/2/2017 ,36
25/2/2017 ,54
26/2/2017 ,73
27/2/2017 ,56
28/2/2017 ,42
1/3/2017,38
2/3/2017,63
3/3/2017,49
4/3/2017,39
5/3/2017,15
6/3/2017,23
7/3/2017,33
8/3/2017,49
9/3/2017,40
10/3/2017,46
11/3/2017,56
12/3/2017,31
13/3/2017 ,48
14/3/2017 ,27
15/3/2017 ,33
16/3/2017 ,24
17/3/2017 ,15
18/3/2017 ,44
19/3/2017 ,25
20/3/2017 ,39
21/3/2017 ,28
22/3/2017 ,17
23/3/2017 ,17
24/3/2017 ,24
25/3/2017 ,31
26/3/2017 ,14
27/3/2017 ,53
28/3/2017 ,46
29/3/2017 ,37
30/3/2017 ,42
31/3/2017 ,38
1/4/2017,31
2/4/2017,29
3/4/2017,59
4/4/2017,27
5/4/2017,38
6/4/2017,52
7/4/2017,65
8/4/2017,35
9/4/2017,24
10/4/2017,38
11/4/2017,64
12/4/2017,24
13/4/2017 ,38
14/4/2017 ,61
15/4/2017 ,70
16/4/2017 ,70
17/4/2017 ,67
18/4/2017 ,67
19/4/2017 ,67
20/4/2017 ,53
21/4/2017 ,52
22/4/2017 ,56
23/4/2017 ,67
24/4/2017 ,63
25/4/2017 ,66
26/4/2017 ,57
27/4/2017 ,45
28/4/2017 ,52
29/4/2017 ,50
30/4/2017 ,26
1/5/2017,26
2/5/2017,33
3/5/2017,20
4/5/2017,23
5/5/2017,34
6/5/2017,34
7/5/2017,30
8/5/2017,39
9/5/2017,55
10/5/2017,47
11/5/2017,21
12/5/2017,18
13/5/2017 ,26
14/5/2017 ,47
15/5/2017 ,74
16/5/2017 ,68
17/5/2017 ,72
18/5/2017 ,63
19/5/2017 ,68
20/5/2017 ,80
21/5/2017 ,85
22/5/2017 ,82
23/5/2017 ,55
24/5/2017 ,47
25/5/2017 ,71
26/5/2017 ,63
27/5/2017 ,58
28/5/2017 ,76
29/5/2017 ,69
30/5/2017 ,59
31/5/2017 ,64
1/6/2017,52
2/6/2017,56
3/6/2017,64
4/6/2017,70
5/6/2017,56
6/6/2017,62
7/6/2017,52
8/6/2017,86
9/6/2017,90
10/6/2017,76
11/6/2017,62
12/6/2017,79
13/6/2017 ,79
14/6/2017 ,65
15/6/2017 ,58
16/6/2017 ,55
17/6/2017 ,68
18/6/2017 ,70
19/6/2017 ,52
20/6/2017 ,58
21/6/2017 ,67
22/6/2017 ,66
23/6/2017 ,63
24/6/2017 ,60
25/6/2017 ,64
26/6/2017 ,54
27/6/2017 ,45
28/6/2017 ,60
29/6/2017 ,82
30/6/2017 ,55
1/7/2017,50
2/7/2017,49
3/7/2017,53
4/7/2017,45
5/7/2017,73
6/7/2017,88
7/7/2017,78
8/7/2017,89
9/7/2017,71
10/7/2017,81
11/7/2017,81
12/7/2017,86
13/7/2017 ,97
14/7/2017 ,89
15/7/2017 ,83
16/7/2017 ,71
17/7/2017 ,74
18/7/2017 ,81
19/7/2017 ,53
20/7/2017 ,40
21/7/2017 ,53
22/7/2017 ,47
23/7/2017 ,53
24/7/2017 ,57
25/7/2017 ,36
26/7/2017 ,60
27/7/2017 ,50
28/7/2017 ,44
29/7/2017 ,46
30/7/2017 ,46
31/7/2017 ,53
1/8/2017,62
2/8/2017,53
3/8/2017,55
4/8/2017,65
5/8/2017,63
6/8/2017,76
7/8/2017,79
8/8/2017,62
9/8/2017,66
10/8/2017,55
11/8/2017,52
12/8/2017,54
13/8/2017 ,66
14/8/2017 ,81
15/8/2017 ,47
16/8/2017 ,42
17/8/2017 ,67
18/8/2017 ,64
19/8/2017 ,61
20/8/2017 ,55
21/8/2017 ,60
22/8/2017 ,59
23/8/2017 ,70
24/8/2017 ,74
25/8/2017 ,64
26/8/2017 ,46
27/8/2017 ,42
28/8/2017 ,61
29/8/2017 ,64
30/8/2017 ,56
31/8/2017 ,65
1/9/2017,30
2/9/2017,40
3/9/2017,62
4/9/2017,65
5/9/2017,39
6/9/2017,80
7/9/2017,86
8/9/2017,82
9/9/2017,86
10/9/2017,65
11/9/2017,39
12/9/2017,29
13/9/2017 ,54
14/9/2017 ,54
15/9/2017 ,64
16/9/2017 ,46
17/9/2017 ,55
18/9/2017 ,59
19/9/2017 ,38
20/9/2017 ,61
21/9/2017 ,52
22/9/2017 ,53
23/9/2017 ,47
24/9/2017 ,21
25/9/2017 ,64
26/9/2017 ,69
27/9/2017 ,37
28/9/2017 ,37
29/9/2017 ,45
30/9/2017 ,54
1/10/2017,48
2/10/2017,49
3/10/2017,55
4/10/2017,50
5/10/2017,58
6/10/2017,74
7/10/2017,70
8/10/2017,63
9/10/2017,55
10/10/2017,59
11/10/2017,78
12/10/2017,60
13/10/2017 ,73
14/10/2017 ,71
15/10/2017 ,56
16/10/2017 ,49
17/10/2017 ,43
18/10/2017 ,39
19/10/2017 ,64
20/10/2017 ,49
21/10/2017 ,38
22/10/2017 ,51
23/10/2017 ,58
24/10/2017 ,41
25/10/2017 ,49
26/10/2017 ,33
27/10/2017 ,35
28/10/2017 ,35
29/10/2017 ,58
30/10/2017 ,40
31/10/2017 ,76
1/11/2017,52
2/11/2017,48
3/11/2017,49
4/11/2017,67
5/11/2017,73
6/11/2017,53
7/11/2017,80
8/11/2017,76
9/11/2017,51
10/11/2017,38
11/11/2017,62
12/11/2017,26
13/11/2017 ,39
14/11/2017 ,35
15/11/2017 ,24
16/11/2017 ,18
17/11/2017 ,23
18/11/2017 ,45
19/11/2017 ,53
20/11/2017 ,40
21/11/2017 ,20
22/11/2017 ,24
23/11/2017 ,30
24/11/2017 ,25
25/11/2017 ,59
26/11/2017 ,81
27/11/2017 ,72
28/11/2017 ,50
29/11/2017 ,80
30/11/2017 ,87
1/12/2017,87
2/12/2017,58
3/12/2017,26
4/12/2017,23
5/12/2017,19
6/12/2017,29
7/12/2017,14
8/12/2017,9
9/12/2017,2
10/12/2017,24
11/12/2017,33
12/12/2017,52
13/12/2017 ,38
14/12/2017 ,35
15/12/2017 ,16
16/12/2017 ,23
17/12/2017 ,16
18/12/2017 ,8
19/12/2017 ,21
20/12/2017 ,48
21/12/2017 ,48
22/12/2017 ,33
23/12/2017 ,25
24/12/2017 ,15
25/12/2017 ,8
26/12/2017 ,22
27/12/2017 ,26
28/12/2017 ,26
29/12/2017 ,21
30/12/2017 ,23
31/12/2017 ,14
1/1/2018,13
2/1/2018,26
3/1/2018,21
4/1/2018,8
5/1/2018,2
6/1/2018,0
7/1/2018,2
8/1/2018,15
9/1/2018,19
10/1/2018,39
11/1/2018,36
12/1/2018,30
13/1/2018 ,33
14/1/2018 ,24
15/1/2018 ,2
16/1/2018 ,6
17/1/2018 ,1
18/1/2018 ,2
19/1/2018 ,12
20/1/2018 ,8
21/1/2018 ,16
22/1/2018 ,32
23/1/2018 ,17
24/1/2018 ,5
25/1/2018 ,4
26/1/2018 ,12
27/1/2018 ,5
28/1/2018 ,13
29/1/2018 ,32
30/1/2018 ,49
31/1/2018 ,46
1/2/2018,30
2/2/2018,31
3/2/2018,28
4/2/2018,35
5/2/2018,21
6/2/2018,21
7/2/2018,28
8/2/2018,29
9/2/2018,28
10/2/2018,19
11/2/2018,32
12/2/2018,28
13/2/2018 ,15
14/2/2018 ,18
15/2/2018 ,25
16/2/2018 ,22
17/2/2018 ,7
18/2/2018 ,2
19/2/2018 ,13
20/2/2018 ,5
21/2/2018 ,18
22/2/2018 ,3
23/2/2018 ,10
24/2/2018 ,22
25/2/2018 ,26
26/2/2018 ,32
27/2/2018 ,33
28/2/2018 ,32
1/3/2018,35
2/3/2018,30
3/3/2018,36
4/3/2018,16
5/3/2018,22
6/3/2018,15
7/3/2018,42
8/3/2018,31
9/3/2018,26
10/3/2018,29
11/3/2018,43
12/3/2018,71
13/3/2018 ,59
14/3/2018 ,28
15/3/2018 ,19
16/3/2018 ,30
17/3/2018 ,28
18/3/2018 ,30
19/3/2018 ,21
20/3/2018 ,14
21/3/2018 ,28
22/3/2018 ,32
23/3/2018 ,38
24/3/2018 ,25
25/3/2018 ,23
26/3/2018 ,33
27/3/2018 ,17
28/3/2018 ,21
29/3/2018 ,30
30/3/2018 ,17
31/3/2018 ,31
1/4/2018,38
2/4/2018,19
3/4/2018,11
4/4/2018,17
5/4/2018,26
6/4/2018,23
7/4/2018,23
8/4/2018,38
9/4/2018,24
10/4/2018,16
11/4/2018,38
12/4/2018,63
13/4/2018 ,82
14/4/2018 ,42
15/4/2018 ,28
16/4/2018 ,19
17/4/2018 ,22
18/4/2018 ,53
19/4/2018 ,28
20/4/2018 ,36
21/4/2018 ,15
22/4/2018 ,28
23/4/2018 ,18
24/4/2018 ,30
25/4/2018 ,23
26/4/2018 ,22
27/4/2018 ,37
28/4/2018 ,43
29/4/2018 ,25
30/4/2018 ,39
1/5/2018,37
2/5/2018,49
3/5/2018,45
4/5/2018,31
5/5/2018,50
6/5/2018,64
7/5/2018,44
8/5/2018,47
9/5/2018,34
10/5/2018,37
11/5/2018,32
12/5/2018,33
13/5/2018 ,52
14/5/2018 ,48
15/5/2018 ,39
16/5/2018 ,52
17/5/2018 ,73
18/5/2018 ,65
19/5/2018 ,68
20/5/2018 ,56
21/5/2018 ,78
22/5/2018 ,57
23/5/2018 ,51
24/5/2018 ,69
25/5/2018 ,73
26/5/2018 ,60
27/5/2018 ,66
28/5/2018 ,67
29/5/2018 ,37
30/5/2018 ,40
31/5/2018 ,41
1/6/2018,62
2/6/2018,56
3/6/2018,68
4/6/2018,66
5/6/2018,61
6/6/2018,63
7/6/2018,80
8/6/2018,64
9/6/2018,74
10/6/2018,56
11/6/2018,52
12/6/2018,35
13/6/2018 ,53
14/6/2018 ,50
15/6/2018 ,59
16/6/2018 ,68
17/6/2018 ,67
18/6/2018 ,61
19/6/2018 ,41
20/6/2018 ,47
21/6/2018 ,55
22/6/2018 ,56
23/6/2018 ,54
24/6/2018 ,60
25/6/2018 ,65
26/6/2018 ,55
27/6/2018 ,64
28/6/2018 ,53
29/6/2018 ,59
30/6/2018 ,62
1/7/2018,69
2/7/2018,53
3/7/2018,65
4/7/2018,63
5/7/2018,58
6/7/2018,57
7/7/2018,47
8/7/2018,45
9/7/2018,50
10/7/2018,67
11/7/2018,66
12/7/2018,50
13/7/2018 ,43
14/7/2018 ,37
15/7/2018 ,47
16/7/2018 ,53
17/7/2018 ,37
18/7/2018 ,44
19/7/2018 ,52
20/7/2018 ,29
21/7/2018 ,43
22/7/2018 ,32
23/7/2018 ,33
24/7/2018 ,35
25/7/2018 ,60
26/7/2018 ,47
27/7/2018 ,34
28/7/2018 ,43
29/7/2018 ,46
30/7/2018 ,52
31/7/2018 ,51
1/8/2018,53
2/8/2018,49
3/8/2018,53
4/8/2018,42
5/8/2018,39
6/8/2018,25
7/8/2018,41
8/8/2018,49
9/8/2018,49
10/8/2018,45
11/8/2018,58
12/8/2018,73
13/8/2018 ,57
14/8/2018 ,67
15/8/2018 ,69
16/8/2018 ,41
17/8/2018 ,40
18/8/2018 ,60
19/8/2018 ,66
20/8/2018 ,54
21/8/2018 ,45
22/8/2018 ,50
23/8/2018 ,54
24/8/2018 ,61
25/8/2018 ,74
26/8/2018 ,65
27/8/2018 ,60
28/8/2018 ,46
29/8/2018 ,61
30/8/2018 ,63
31/8/2018 ,64
1/9/2018,57
2/9/2018,53
3/9/2018,47
4/9/2018,58
5/9/2018,46
6/9/2018,40
7/9/2018,22
8/9/2018,35
9/9/2018,61
10/9/2018,50
11/9/2018,45
12/9/2018,39
13/9/2018 ,38
14/9/2018 ,48
15/9/2018 ,53
16/9/2018 ,40
17/9/2018 ,49
18/9/2018 ,58
19/9/2018 ,34
20/9/2018 ,57
21/9/2018 ,68
22/9/2018 ,47
23/9/2018 ,48
24/9/2018 ,46
25/9/2018 ,46
26/9/2018 ,42
27/9/2018 ,47
28/9/2018 ,47
29/9/2018 ,49
30/9/2018 ,36
1/10/2018,46
2/10/2018,55
3/10/2018,41
4/10/2018,43
5/10/2018,51
6/10/2018,58
7/10/2018,74
8/10/2018,67
9/10/2018,72
10/10/2018,52
11/10/2018,50
12/10/2018,47
13/10/2018 ,45
14/10/2018 ,44
15/10/2018 ,36
16/10/2018 ,69
17/10/2018 ,50
18/10/2018 ,42
19/10/2018 ,43
20/10/2018 ,52
21/10/2018 ,48
22/10/2018 ,54
23/10/2018 ,36
24/10/2018 ,38
25/10/2018 ,51
26/10/2018 ,36
27/10/2018 ,36
28/10/2018 ,61
29/10/2018 ,34
30/10/2018 ,41
31/10/2018 ,44
1/11/2018,73
2/11/2018,71
3/11/2018,38
4/11/2018,29
5/11/2018,62
6/11/2018,74
7/11/2018,46
8/11/2018,61
9/11/2018,73
10/11/2018,15
11/11/2018,20
12/11/2018,12
13/11/2018 ,38
14/11/2018 ,38
15/11/2018 ,28
16/11/2018 ,35
17/11/2018 ,30
18/11/2018 ,42
19/11/2018 ,51
20/11/2018 ,55
21/11/2018 ,26
22/11/2018 ,27
23/11/2018 ,31
24/11/2018 ,30
25/11/2018 ,28
26/11/2018 ,24
27/11/2018 ,44
28/11/2018 ,38
29/11/2018 ,24
30/11/2018 ,23
1/12/2018,18
2/12/2018,12
3/12/2018,32
4/12/2018,34
5/12/2018,29
6/12/2018,20
7/12/2018,23
8/12/2018,17
9/12/2018,8
10/12/2018,11
11/12/2018,37
12/12/2018,21
13/12/2018 ,19
14/12/2018 ,18
15/12/2018 ,40
16/12/2018 ,23
17/12/2018 ,2
18/12/2018 ,8
19/12/2018 ,17
20/12/2018 ,34
21/12/2018 ,66
22/12/2018 ,38
23/12/2018 ,22
24/12/2018 ,26
25/12/2018 ,38
26/12/2018 ,22
27/12/2018 ,19
28/12/2018 ,10
29/12/2018 ,9
30/12/2018 ,5
31/12/2018 ,29
1/1/2019,20
2/1/2019,13
3/1/2019,5
4/1/2019,2
5/1/2019,34
6/1/2019,30
7/1/2019,38
8/1/2019,26
9/1/2019,31
10/1/2019,49
11/1/2019,66
12/1/2019,66
13/1/2019 ,44
14/1/2019 ,52
15/1/2019 ,67
16/1/2019 ,65
17/1/2019 ,11
18/1/2019 ,13
19/1/2019 ,5
20/1/2019 ,10
21/1/2019 ,25
22/1/2019 ,8
23/1/2019 ,27
24/1/2019 ,25
25/1/2019 ,44
26/1/2019 ,47
27/1/2019 ,61
28/1/2019 ,17
29/1/2019 ,8
30/1/2019 ,4
31/1/2019 ,17
1/2/2019,31
2/2/2019,33
3/2/2019,52
4/2/2019,59
5/2/2019,50
6/2/2019,51
7/2/2019,28
8/2/2019,80
9/2/2019,73
10/2/2019,56
11/2/2019,55
12/2/2019,40
13/2/2019 ,33
14/2/2019 ,48
15/2/2019 ,63
16/2/2019 ,74
17/2/2019 ,53
18/2/2019 ,53
19/2/2019 ,49
20/2/2019 ,64
21/2/2019 ,34
22/2/2019 ,21
23/2/2019 ,39
24/2/2019 ,25
25/2/2019 ,23
26/2/2019 ,69
27/2/2019 ,69
28/2/2019 ,45
1/3/2019,21
2/3/2019,31
3/3/2019,38
4/3/2019,48
5/3/2019,62
6/3/2019,46
7/3/2019,39
8/3/2019,58
9/3/2019,71
10/3/2019,20
11/3/2019,37
12/3/2019,71
13/3/2019 ,62
14/3/2019 ,40
15/3/2019 ,50
16/3/2019 ,37
17/3/2019 ,60
18/3/2019 ,77
19/3/2019 ,31
20/3/2019 ,50
21/3/2019 ,55
22/3/2019 ,43
23/3/2019 ,68
24/3/2019 ,8
25/3/2019 ,12
26/3/2019 ,46
27/3/2019 ,14
28/3/2019 ,25
29/3/2019 ,4
30/3/2019 ,15
31/3/2019 ,22
1/4/2019,10
2/4/2019,12
3/4/2019,52
4/4/2019,28
5/4/2019,7
6/4/2019,14
7/4/2019,48
8/4/2019,26
9/4/2019,45
10/4/2019,79
11/4/2019,72
12/4/2019,47
13/4/2019 ,64
14/4/2019 ,46
15/4/2019 ,60
16/4/2019 ,71
17/4/2019 ,64
18/4/2019 ,55
19/4/2019 ,78
20/4/2019 ,70
21/4/2019 ,73
22/4/2019 ,67
23/4/2019 ,57
24/4/2019 ,59
25/4/2019 ,67
26/4/2019 ,53
27/4/2019 ,59
28/4/2019 ,71
29/4/2019 ,75
30/4/2019 ,78
1/5/2019,67
2/5/2019,74
3/5/2019,82
4/5/2019,76
5/5/2019,54
6/5/2019,55
7/5/2019,72
8/5/2019,40
9/5/2019,78
10/5/2019,66
11/5/2019,52
12/5/2019,73
13/5/2019 ,77
14/5/2019 ,64
15/5/2019 ,79
16/5/2019 ,70
17/5/2019 ,66
18/5/2019 ,73
19/5/2019 ,80
20/5/2019 ,70
21/5/2019 ,49
22/5/2019 ,32
23/5/2019 ,60
24/5/2019 ,67
25/5/2019 ,79
26/5/2019 ,74
27/5/2019 ,73
28/5/2019 ,64
29/5/2019 ,66
30/5/2019 ,61
31/5/2019 ,74
1/6/2019,75
2/6/2019,67
3/6/2019,75
4/6/2019,68
5/6/2019,70
6/6/2019,68
7/6/2019,68
8/6/2019,72
9/6/2019,70
10/6/2019,83
11/6/2019,73
12/6/2019,75
13/6/2019 ,70
14/6/2019 ,73
15/6/2019 ,77
16/6/2019 ,57
17/6/2019 ,55
18/6/2019 ,53
19/6/2019 ,61
20/6/2019 ,66
21/6/2019 ,65
22/6/2019 ,69
23/6/2019 ,72
24/6/2019 ,78
25/6/2019 ,69
26/6/2019 ,81
27/6/2019 ,80
28/6/2019 ,79
29/6/2019 ,73
30/6/2019 ,54
1/7/2019,74
2/7/2019,76
3/7/2019,73
4/7/2019,82
5/7/2019,77
6/7/2019,63
7/7/2019,64
8/7/2019,65
9/7/2019,69
10/7/2019,84
11/7/2019,68
12/7/2019,83
13/7/2019 ,77
14/7/2019 ,76
15/7/2019 ,73
16/7/2019 ,76
17/7/2019 ,84
18/7/2019 ,95
19/7/2019 ,92
20/7/2019 ,67
21/7/2019 ,67
22/7/2019 ,78
23/7/2019 ,63
24/7/2019 ,67
25/7/2019 ,73
26/7/2019 ,78
27/7/2019 ,72
28/7/2019 ,54
29/7/2019 ,67
30/7/2019 ,61
31/7/2019 ,73
1/8/2019,70
2/8/2019,79
3/8/2019,77
4/8/2019,77
5/8/2019,78
6/8/2019,83
7/8/2019,80
8/8/2019,72
9/8/2019,65
10/8/2019,66
11/8/2019,77
12/8/2019,82
13/8/2019 ,84
14/8/2019 ,68
15/8/2019 ,67
16/8/2019 ,59
17/8/2019 ,71
18/8/2019 ,76
19/8/2019 ,64
20/8/2019 ,77
21/8/2019 ,74
22/8/2019 ,72
23/8/2019 ,67
24/8/2019 ,81
25/8/2019 ,76
26/8/2019 ,68
27/8/2019 ,81
28/8/2019 ,78
29/8/2019 ,77
30/8/2019 ,73
31/8/2019 ,68
1/9/2019,68
2/9/2019,73
3/9/2019,75
4/9/2019,73
5/9/2019,78
6/9/2019,70
7/9/2019,70
8/9/2019,51
9/9/2019,71
10/9/2019,76
11/9/2019,68
12/9/2019,70
13/9/2019 ,76
14/9/2019 ,64
15/9/2019 ,76
16/9/2019 ,73
17/9/2019 ,74
18/9/2019 ,68
19/9/2019 ,76
20/9/2019 ,72
21/9/2019 ,78
22/9/2019 ,75
23/9/2019 ,63
24/9/2019 ,82
25/9/2019 ,87
26/9/2019 ,74
27/9/2019 ,73
28/9/2019 ,60
29/9/2019 ,69
30/9/2019 ,72
1/10/2019,72
2/10/2019,55
3/10/2019,78
4/10/2019,61
5/10/2019,59
6/10/2019,74
7/10/2019,64
8/10/2019,68
9/10/2019,78
10/10/2019,65
11/10/2019,77
12/10/2019,71
13/10/2019 ,63
14/10/2019 ,48
15/10/2019 ,65
16/10/2019 ,76
17/10/2019 ,48
18/10/2019 ,72
19/10/2019 ,69
20/10/2019 ,66
21/10/2019 ,95
22/10/2019 ,77
23/10/2019 ,67
24/10/2019 ,78
25/10/2019 ,74
26/10/2019 ,74
27/10/2019 ,59
28/10/2019 ,69
29/10/2019 ,78
30/10/2019 ,71
31/10/2019 ,54
1/11/2019,38
2/11/2019,70
3/11/2019,61
4/11/2019,73
5/11/2019,56
6/11/2019,12
7/11/2019,34
8/11/2019,70
9/11/2019,78
10/11/2019,71
11/11/2019,63
12/11/2019,64
13/11/2019 ,49
14/11/2019 ,57
15/11/2019 ,75
16/11/2019 ,69
17/11/2019 ,43
18/11/2019 ,55
19/11/2019 ,67
20/11/2019 ,45
21/11/2019 ,23
22/11/2019 ,54
23/11/2019 ,51
24/11/2019 ,58
25/11/2019 ,55
26/11/2019 ,47
27/11/2019 ,26
28/11/2019 ,45
29/11/2019 ,62
30/11/2019 ,89
1/12/2019,69
2/12/2019,46
3/12/2019,73
4/12/2019,64
5/12/2019,69
6/12/2019,56
7/12/2019,71
8/12/2019,67
9/12/2019,64
10/12/2019,68
11/12/2019,56
12/12/2019,64
13/12/2019 ,55
14/12/2019 ,54
15/12/2019 ,37
16/12/2019 ,31
17/12/2019 ,43
18/12/2019 ,50
19/12/2019 ,49
20/12/2019 ,71
21/12/2019 ,64

